"created_date","modified_date","team_pk","team_id","team_name","team_acronym","team_slug"
2023-10-21 19:01:27.850 -0600,2023-10-21 19:01:27.850 -0600,1,107582169874155554,God's Plan,GDP,gods-plan
2023-10-21 19:01:27.852 -0600,2023-10-21 19:01:27.852 -0600,2,105550059790656435,T1 Esports Academy,T1,t1-challengers
2023-10-21 19:01:27.852 -0600,2023-10-21 19:01:27.852 -0600,3,103535282143744679,Dark Passage Akademi,DP,dark-passage-akademi
2023-10-21 19:01:27.853 -0600,2023-10-21 19:01:27.853 -0600,4,109637393694097670,Team Heretics,TH,team-heretics-lec
2023-10-21 19:01:27.854 -0600,2023-10-21 19:01:27.854 -0600,5,101157821387445307,Caps,EU1,caps
2023-10-21 19:01:27.854 -0600,2023-10-21 19:01:27.854 -0600,6,110534724851488577,Froggy Five,FROG,froggy-five
2023-10-21 19:01:27.855 -0600,2023-10-21 19:01:27.855 -0600,7,109671201259007744,Team Liquid Honda First,TLF,team-liquid-honda-first
2023-10-21 19:01:27.856 -0600,2023-10-21 19:01:27.856 -0600,8,107423086908356081,Nyyrikki,NKI,nyyrikki
2023-10-21 19:01:27.856 -0600,2023-10-21 19:01:27.856 -0600,9,107582176093752697,Hooked Esports,HK,hooked-esports
2023-10-21 19:01:27.857 -0600,2023-10-21 19:01:27.857 -0600,10,99566406336293850,Bombers,BMR,bombers
2023-10-21 19:01:27.858 -0600,2023-10-21 19:01:27.858 -0600,11,107251374793416561,CERBERUS ESPORTS,CES,cerberus-esports
2023-10-21 19:01:27.858 -0600,2023-10-21 19:01:27.858 -0600,12,105593951536470384,GTZ Esports,GTZ,gtz-bulls
2023-10-21 19:01:27.859 -0600,2023-10-21 19:01:27.859 -0600,13,103935446548920777,Misfits Premier,MSFP,misfits-premier
2023-10-21 19:01:27.859 -0600,2023-10-21 19:01:27.859 -0600,14,103535282151674574,Royal Youth Akademi,RYLA,royal-youth-akademi
2023-10-21 19:01:27.860 -0600,2023-10-21 19:01:27.860 -0600,15,104211677548295324,Double Crunch Team Italy,DCTI,double-crunch-team-italy-pg-esports
2023-10-21 19:01:27.861 -0600,2023-10-21 19:01:27.861 -0600,16,106827827857159558,V3 Academy,V3,v3-academy
2023-10-21 19:01:27.861 -0600,2023-10-21 19:01:27.861 -0600,17,105521637552587612,Team Phantasma,TP,team-phantasma
2023-10-21 19:01:27.862 -0600,2023-10-21 19:01:27.862 -0600,18,101383792559569368,All Knights,AK,all-knights
2023-10-21 19:01:27.862 -0600,2023-10-21 19:01:27.862 -0600,19,105550005698683818,Liberty Academy,LBR,liberty-academy
2023-10-21 19:01:27.863 -0600,2023-10-21 19:01:27.863 -0600,20,109631541326560210,Reven Esports,RVN,reven-esports
2023-10-21 19:01:27.864 -0600,2023-10-21 19:01:27.864 -0600,21,105550054006182911,NONGSHIM ESPORTS ACADEMY,NS,ns-challengers
2023-10-21 19:01:27.864 -0600,2023-10-21 19:01:27.864 -0600,22,105514967858969605,GameWard,GW,gameward
2023-10-21 19:01:27.865 -0600,2023-10-21 19:01:27.865 -0600,23,107581178720470377,Arctic Gaming,ARC,arctic-gaming
2023-10-21 19:01:27.865 -0600,2023-10-21 19:01:27.865 -0600,24,100205573495116443,Gen.G,GEN,geng
2023-10-21 19:01:27.866 -0600,2023-10-21 19:01:27.866 -0600,25,109783160511364305,CB Gaming,CB,cb-gaming
2023-10-21 19:01:27.866 -0600,2023-10-21 19:01:27.866 -0600,26,109783164711873455,Zenigma,ZEN,zenigma
2023-10-21 19:01:27.867 -0600,2023-10-21 19:01:27.867 -0600,27,107582618156093368,Incubus,INC,incubus
2023-10-21 19:01:27.868 -0600,2023-10-21 19:01:27.868 -0600,28,100285330169036485,Unsold Stuff Gaming,USG,unsold-stuff-gaming
2023-10-21 19:01:27.868 -0600,2023-10-21 19:01:27.868 -0600,29,105593161016793151,Inside Games,ING,inside-games
2023-10-21 19:01:27.869 -0600,2023-10-21 19:01:27.869 -0600,30,105521408363571548,Illuminar Gaming,IHG,illuminar-gaming
2023-10-21 19:01:27.869 -0600,2023-10-21 19:01:27.869 -0600,31,104710316579222193,G2 Arctic,G2AR,g2-arctic
2023-10-21 19:01:27.870 -0600,2023-10-21 19:01:27.870 -0600,32,98767991871709842,Gambit Esports,GMB,gambit-esports
2023-10-21 19:01:27.870 -0600,2023-10-21 19:01:27.870 -0600,33,110424397251619481,Myth Esports,MYTH,myth-esports
2023-10-21 19:01:27.871 -0600,2023-10-21 19:01:27.871 -0600,34,105521706535388095,Anorthosis Famagusta Esports,ANO,anorthosis-famagusta-esports
2023-10-21 19:01:27.871 -0600,2023-10-21 19:01:27.871 -0600,35,107582609836036013,Diamond Doves,DD,diamond-doves
2023-10-21 19:01:27.872 -0600,2023-10-21 19:01:27.872 -0600,36,109782867012820172,Horizon Gaming,HZG,horizon-gaming
2023-10-21 19:01:27.873 -0600,2023-10-21 19:01:27.873 -0600,37,99566404581868574,Kwangdong Freecs,KDF,kwangdong-freecs
2023-10-21 19:01:27.873 -0600,2023-10-21 19:01:27.873 -0600,38,105550003470349739,Rensga Academy,RNS,rensga-academy
2023-10-21 19:01:27.874 -0600,2023-10-21 19:01:27.874 -0600,39,103877554248683116,Schalke 04 Evolution,S04E,schalke-04-evolution
2023-10-21 19:01:27.874 -0600,2023-10-21 19:01:27.874 -0600,40,110534728305628996,Kelyx's Grandpa Gamers,OLD,kelyxs-grandpa-gamers
2023-10-21 19:01:27.875 -0600,2023-10-21 19:01:27.875 -0600,41,105515219038427019,Karmine Corp,KC,karmine-corp
2023-10-21 19:01:27.876 -0600,2023-10-21 19:01:27.876 -0600,42,98767991866488695,Fnatic,FNC,fnatic
2023-10-21 19:01:27.876 -0600,2023-10-21 19:01:27.876 -0600,43,105503848339138647,PENTA 1860,PTA,penta-1860
2023-10-21 19:01:27.877 -0600,2023-10-21 19:01:27.877 -0600,44,107693836459380354,SAMPI,SMP,sampi
2023-10-21 19:01:27.877 -0600,2023-10-21 19:01:27.877 -0600,45,105515109012592449,IZIDREAM,IZI,izidream
2023-10-21 19:01:27.878 -0600,2023-10-21 19:01:27.878 -0600,46,105553684493690219,Split Raiders,STR,split-raiders
2023-10-21 19:01:27.879 -0600,2023-10-21 19:01:27.879 -0600,47,106334794714373670,Goexanimo,GOEX,goexanimo
2023-10-21 19:01:27.879 -0600,2023-10-21 19:01:27.879 -0600,48,101428372830010965,Alpha Esports,ALF,alpha-esports
2023-10-21 19:01:27.880 -0600,2023-10-21 19:01:27.880 -0600,49,103877756742242918,Racoon,RCN,racoon
2023-10-21 19:01:27.880 -0600,2023-10-21 19:01:27.880 -0600,50,100205573002983994,EVOS Esports,EVS,evos-esports
2023-10-21 19:01:27.881 -0600,2023-10-21 19:01:27.881 -0600,51,100285330170285888,Kuala Lumpur Hunters,KLH,kuala-lumpur-hunters
2023-10-21 19:01:27.881 -0600,2023-10-21 19:01:27.881 -0600,52,99566405126602853,FlyQuest Challengers,FLY,fly-academy
2023-10-21 19:01:27.882 -0600,2023-10-21 19:01:27.882 -0600,53,107603566520687175,Team Mayan eSports,MYN,team-mayan-esports
2023-10-21 19:01:27.882 -0600,2023-10-21 19:01:27.882 -0600,54,109675484017801229,Team Bliss,TB,team-bliss
2023-10-21 19:01:27.883 -0600,2023-10-21 19:01:27.883 -0600,55,105521419784127190,Komil&Friends,KNF,komilfriends
2023-10-21 19:01:27.884 -0600,2023-10-21 19:01:27.884 -0600,56,103935642731826448,Sector One,S1,sector-one
2023-10-21 19:01:27.884 -0600,2023-10-21 19:01:27.884 -0600,57,108018637503819612,PRO42 Esports,P42,pro42-esports
2023-10-21 19:01:27.885 -0600,2023-10-21 19:01:27.885 -0600,58,101383792891050518,Gravitas,GRV,gravitas
2023-10-21 19:01:27.885 -0600,2023-10-21 19:01:27.885 -0600,59,99566405128626825,"100 Thieves Challengers","100","100-academy"
2023-10-21 19:01:27.886 -0600,2023-10-21 19:01:27.886 -0600,60,104367068120825486,PSG Talon,PSG,psg-talon
2023-10-21 19:01:27.887 -0600,2023-10-21 19:01:27.887 -0600,61,105913232697120493,EG Prodigies,EG,eg-prodigies
2023-10-21 19:01:27.887 -0600,2023-10-21 19:01:27.887 -0600,62,105515345386578249,Solary,SLY,solary
2023-10-21 19:01:27.888 -0600,2023-10-21 19:01:27.888 -0600,63,101157821395833925,Uzi,CN3,uzi
2023-10-21 19:01:27.888 -0600,2023-10-21 19:01:27.888 -0600,64,102787200124959636,Crvena Zvezda Esports,CZV,crvena-zvezda-esports
2023-10-21 19:01:27.889 -0600,2023-10-21 19:01:27.889 -0600,65,106857761435870473,Supernova,SN,supernova
2023-10-21 19:01:27.890 -0600,2023-10-21 19:01:27.890 -0600,66,107598699275015260,Leviatán Esports,LEV,leviatan-esports
2023-10-21 19:01:27.890 -0600,2023-10-21 19:01:27.890 -0600,67,107110686951738484,Esports Empire,EE,esports-empire
2023-10-21 19:01:27.891 -0600,2023-10-21 19:01:27.891 -0600,68,103935523328473675,K1CK Neosurf,K1,k1ck-neosurf
2023-10-21 19:01:27.891 -0600,2023-10-21 19:01:27.891 -0600,69,103877925817094140,PIGSPORTS,PIG,pigsports
2023-10-21 19:01:27.892 -0600,2023-10-21 19:01:27.892 -0600,70,109696126554266494,Geekay Esports,GK,geekay-esports
2023-10-21 19:01:27.893 -0600,2023-10-21 19:01:27.893 -0600,71,106301891501674861,PDW,PDW,pdw
2023-10-21 19:01:27.893 -0600,2023-10-21 19:01:27.893 -0600,72,107582638341246907,Instinct Gaming,INS,instinct-gaming
2023-10-21 19:01:27.894 -0600,2023-10-21 19:01:27.894 -0600,73,98767991860392497,TSM,TSM,tsm
2023-10-21 19:01:27.895 -0600,2023-10-21 19:01:27.895 -0600,74,109782787975510889,Native Gaming,N8V,native-gaming
2023-10-21 19:01:27.895 -0600,2023-10-21 19:01:27.895 -0600,75,99566406490127625,J Team,JT,taipei-j-team
2023-10-21 19:01:27.896 -0600,2023-10-21 19:01:27.896 -0600,76,99566404850008779,Suzhou LNG Esports,LNG,lng-esports
2023-10-21 19:01:27.896 -0600,2023-10-21 19:01:27.896 -0600,77,107467794614674479,FnaticTQ,FNTQ,fnatictq
2023-10-21 19:01:27.897 -0600,2023-10-21 19:01:27.897 -0600,78,99566408221961358,RED Kalunga,RED,red-kalunga
2023-10-21 19:01:27.898 -0600,2023-10-21 19:01:27.898 -0600,79,108319669531442279,Aguilas Doradas,AD,aguilas-doradas
2023-10-21 19:01:27.898 -0600,2023-10-21 19:01:27.898 -0600,80,105548000936710641,Method2Madness,M2XX,method2madness
2023-10-21 19:01:27.899 -0600,2023-10-21 19:01:27.899 -0600,81,109828279319224248,MGN Box Esports,MBE,mgn-box-esports
2023-10-21 19:01:27.899 -0600,2023-10-21 19:01:27.899 -0600,82,105301755072677196,LCK Queue Kings,LCKQ,lckqueuekings
2023-10-21 19:01:27.900 -0600,2023-10-21 19:01:27.900 -0600,83,101157821440857212,EU with Influencers,EUWI,eu-with-influencers
2023-10-21 19:01:27.900 -0600,2023-10-21 19:01:27.900 -0600,84,101157821459731619,Tandem Mode C,TMC,tandem-mode-c
2023-10-21 19:01:27.901 -0600,2023-10-21 19:01:27.901 -0600,85,109749493607708438,ENEMI3S,NM3,enemi3s
2023-10-21 19:01:27.902 -0600,2023-10-21 19:01:27.902 -0600,86,103535282124208038,Pentanet.GG,PGG,pentanetgg
2023-10-21 19:01:27.902 -0600,2023-10-21 19:01:27.902 -0600,87,99124844354766222,PCS All-Stars,PCS1,pcs-all-stars
2023-10-21 19:01:27.903 -0600,2023-10-21 19:01:27.903 -0600,88,105549988405523871,Flamengo Academy,FLA,flamengo-academy
2023-10-21 19:01:27.903 -0600,2023-10-21 19:01:27.903 -0600,89,109696115986547257,Fox Gaming,FOX,fox-gaming
2023-10-21 19:01:27.904 -0600,2023-10-21 19:01:27.904 -0600,90,101157821437777013,NA with Influencers,NAWI,na-with-influencers
2023-10-21 19:01:27.905 -0600,2023-10-21 19:01:27.905 -0600,91,110534741480867943,Teamless Revenge,TRV,teamless-revenge
2023-10-21 19:01:27.905 -0600,2023-10-21 19:01:27.905 -0600,92,107700199633958891,CTBC Flying Oyster,CFO,ctbc-flying-oyster
2023-10-21 19:01:27.906 -0600,2023-10-21 19:01:27.906 -0600,93,102787200147504121,Campus Party Sparks,SPKS,campus-party-sparks
2023-10-21 19:01:27.906 -0600,2023-10-21 19:01:27.906 -0600,94,107581733744920199,Goat Esports,GOT,goat-esports
2023-10-21 19:01:27.907 -0600,2023-10-21 19:01:27.907 -0600,95,107603551467692884,ELR Gaming,ELR,elr-gaming
2023-10-21 19:01:27.907 -0600,2023-10-21 19:01:27.907 -0600,96,102747101562758215,SeolHaeOne Prince,SP,apk-prince
2023-10-21 19:01:27.908 -0600,2023-10-21 19:01:27.908 -0600,97,105193385417106233,LLA All-Stars,LLA,llaallstars
2023-10-21 19:01:27.908 -0600,2023-10-21 19:01:27.908 -0600,98,99566405132177721,Clutch Gaming Academy,CGA,clutch-gaming-academy
2023-10-21 19:01:27.909 -0600,2023-10-21 19:01:27.909 -0600,99,105505619546859895,OKSavingsBank BRION,BRO,fredit-brion
2023-10-21 19:01:27.910 -0600,2023-10-21 19:01:27.910 -0600,100,107581765633427097,Fuego,FUE,fuego
2023-10-21 19:01:27.910 -0600,2023-10-21 19:01:27.910 -0600,101,105519977854458717,Nordavind,NVD,nordavind
2023-10-21 19:01:27.911 -0600,2023-10-21 19:01:27.911 -0600,102,99566404848691211,Invictus Gaming,IG,invictus-gaming
2023-10-21 19:01:27.911 -0600,2023-10-21 19:01:27.911 -0600,103,107598704067400262,Stone Movistar,STM,stone-movistar
2023-10-21 19:01:27.912 -0600,2023-10-21 19:01:27.912 -0600,104,107598805167594304,Wap Esports,WAP,wap-esports
2023-10-21 19:01:27.912 -0600,2023-10-21 19:01:27.912 -0600,105,105594135137147298,White Dragons,WD,white-dragons
2023-10-21 19:01:27.913 -0600,2023-10-21 19:01:27.913 -0600,106,99566404853854212,Bilibili Gaming Pingan Bank,BLG,bilibili-gaming
2023-10-21 19:01:27.913 -0600,2023-10-21 19:01:27.914 -0600,107,106295024192678387,Gaia Esports,GAIA,gaia-esports
2023-10-21 19:01:27.914 -0600,2023-10-21 19:01:27.914 -0600,108,109696073114910519,Anubis Gaming,ANB,anubis-gaming
2023-10-21 19:01:27.915 -0600,2023-10-21 19:01:27.915 -0600,109,105503948999800557,E WIE EINFACH E-SPORTS,EWI,e-wie-einfach-e-sports
2023-10-21 19:01:27.915 -0600,2023-10-21 19:01:27.915 -0600,110,107599174108436104,Rebirth Esports,RBT,rebirth-esports
2023-10-21 19:01:27.916 -0600,2023-10-21 19:01:27.916 -0600,111,98767991926151025,G2 Esports,G2,g2-esports
2023-10-21 19:01:27.916 -0600,2023-10-21 19:01:27.916 -0600,112,108203159356403647,Kwangdong Freecs Academy,KDF,kwangdong-freecs-academy
2023-10-21 19:01:27.917 -0600,2023-10-21 19:01:27.917 -0600,113,102141671184261103,Columbia College,CCL,columbia-college
2023-10-21 19:01:27.917 -0600,2023-10-21 19:01:27.917 -0600,114,99124844358677975,LEC All-Stars,LEC,eu-lcs-allstars
2023-10-21 19:01:27.918 -0600,2023-10-21 19:01:27.918 -0600,115,103240746431167117,Exosen,LST1,exosen
2023-10-21 19:01:27.919 -0600,2023-10-21 19:01:27.919 -0600,116,108517492697602721,Dewish Team,DWT,dewish-team
2023-10-21 19:01:27.919 -0600,2023-10-21 19:01:27.919 -0600,117,105537226118106446,Axolotl Esports,AXL,axolotl
2023-10-21 19:01:27.920 -0600,2023-10-21 19:01:27.920 -0600,118,106857755268998406,Resolve,RSV,resolve
2023-10-21 19:01:27.920 -0600,2023-10-21 19:01:27.921 -0600,119,109631610813971977,Mezexis Esports,MZS,mezexis-esports
2023-10-21 19:01:27.921 -0600,2023-10-21 19:01:27.921 -0600,120,103935421249833954,MAD Lions Madrid,MADM,mad-lions-madrid
2023-10-21 19:01:27.922 -0600,2023-10-21 19:01:27.922 -0600,121,106300533256999014,Starlan Gaming Club,SGC,starlan-gaming-club
2023-10-21 19:01:27.922 -0600,2023-10-21 19:01:27.922 -0600,122,105352091319919029,LCS Legends,LCSL,lcs-legends
2023-10-21 19:01:27.923 -0600,2023-10-21 19:01:27.923 -0600,123,101157821464777897,Team URF B,UFB,team-urf-b
2023-10-21 19:01:27.924 -0600,2023-10-21 19:01:27.924 -0600,124,101157821463139495,Team URF A,UFA,team-urf-a
2023-10-21 19:01:27.924 -0600,2023-10-21 19:01:27.924 -0600,125,109981644490281844,Rock Bottom Esports,ROCK,rock-bottom-esports
2023-10-21 19:01:27.925 -0600,2023-10-21 19:01:27.925 -0600,126,106302593752767294,Miners Academy,NMG,netshoes-miners-academy
2023-10-21 19:01:27.925 -0600,2023-10-21 19:01:27.925 -0600,127,100285330168091787,DetonatioN FocusMe,DFM,detonation-focusme
2023-10-21 19:01:27.926 -0600,2023-10-21 19:01:27.926 -0600,128,105593213115128994,Dark Tigers,DTG,dark-tigers
2023-10-21 19:01:27.926 -0600,2023-10-21 19:01:27.926 -0600,129,103877879209300619,Vipers Inc,VIP,vipers-inc
2023-10-21 19:01:27.927 -0600,2023-10-21 19:01:27.927 -0600,130,102141671185899507,University of Western Ontario,UWO,university-of-western-ontario
2023-10-21 19:01:27.928 -0600,2023-10-21 19:01:27.928 -0600,131,110534732558665825,Komodo,KMD,komodo
2023-10-21 19:01:27.928 -0600,2023-10-21 19:01:27.928 -0600,132,109485351596724390,Los Grandes Academy,LOS,los-grandes-academy
2023-10-21 19:01:27.929 -0600,2023-10-21 19:01:27.929 -0600,133,99124844355850858,LCS All-Stars,LCSS,lcs-all-stars
2023-10-21 19:01:27.930 -0600,2023-10-21 19:01:27.930 -0600,134,102787200153467923,BCN Squad,BCN,bcn-squad
2023-10-21 19:01:27.930 -0600,2023-10-21 19:01:27.930 -0600,135,102141671186685941,University of Waterloo,UW,university-of-waterloo
2023-10-21 19:01:27.931 -0600,2023-10-21 19:01:27.931 -0600,136,99566405129589291,Golden Guardians Challengers,GG,gg-academy
2023-10-21 19:01:27.931 -0600,2023-10-21 19:01:27.931 -0600,137,106806773698472633,Team Aze,AZE,team-aze
2023-10-21 19:01:27.932 -0600,2023-10-21 19:01:27.932 -0600,138,105913221137618666,No Org,NOR,no-org
2023-10-21 19:01:27.932 -0600,2023-10-21 19:01:27.932 -0600,139,109672446077514083,The Kings Moon,TKM,the-kings-moon
2023-10-21 19:01:27.933 -0600,2023-10-21 19:01:27.933 -0600,140,103461966965149786,MAD Lions,MAD,mad-lions
2023-10-21 19:01:27.933 -0600,2023-10-21 19:01:27.934 -0600,141,109783023470714128,Team Tony Top,TONY,douyin-tony-top
2023-10-21 19:01:27.934 -0600,2023-10-21 19:01:27.934 -0600,142,104710369093939895,SuppUp eSports,SSU,suppup-esports
2023-10-21 19:01:27.935 -0600,2023-10-21 19:01:27.935 -0600,143,103240746422450813,Closer,TCL2,closer
2023-10-21 19:01:27.935 -0600,2023-10-21 19:01:27.935 -0600,144,99566405124618295,Team Liquid Honda Challengers,TL,tl-academy
2023-10-21 19:01:27.936 -0600,2023-10-21 19:01:27.936 -0600,145,107598785733448849,River Plate Gaming,RIV,river-plate-gaming
2023-10-21 19:01:27.936 -0600,2023-10-21 19:01:27.936 -0600,146,108121047955658273,Aurelius Esports,AU,aurelius-esports
2023-10-21 19:01:27.937 -0600,2023-10-21 19:01:27.937 -0600,147,109981647134921596,CCG Esports,CCG,ccg-esports
2023-10-21 19:01:27.938 -0600,2023-10-21 19:01:27.938 -0600,148,99322214695067838,Team Vitality,VIT,team-vitality
2023-10-21 19:01:27.938 -0600,2023-10-21 19:01:27.938 -0600,149,102825747701670848,Azules Esports,UCH,azules-esports
2023-10-21 19:01:27.939 -0600,2023-10-21 19:01:27.939 -0600,150,99294153830557090,OpTic Gaming,OPT,optic-gaming
2023-10-21 19:01:27.939 -0600,2023-10-21 19:01:27.939 -0600,151,107700208463820785,Hurricane Gaming,HG,hurricane-gaming
2023-10-21 19:01:27.940 -0600,2023-10-21 19:01:27.940 -0600,152,103240746430053003,TheShy,CN1,theshy
2023-10-21 19:01:27.940 -0600,2023-10-21 19:01:27.940 -0600,153,101157821352457994,KR with Influencers,KRWI,kr-with-influencers
2023-10-21 19:01:27.941 -0600,2023-10-21 19:01:27.941 -0600,154,101428372605353526,Sengoku Gaming,SG,sengoku-gaming
2023-10-21 19:01:27.942 -0600,2023-10-21 19:01:27.942 -0600,155,102787200159169580,Godsent,GOD,godsent
2023-10-21 19:01:27.942 -0600,2023-10-21 19:01:27.942 -0600,156,103240746423564927,Nomanz,LCL1,nomanz
2023-10-21 19:01:27.943 -0600,2023-10-21 19:01:27.943 -0600,157,109485335453835911,Vivo Keyd Stars Academy,VKS,vivo-keyd-stars-academy
2023-10-21 19:01:27.943 -0600,2023-10-21 19:01:27.943 -0600,158,102787200129022886,eSuba,ESB,esuba
2023-10-21 19:01:27.944 -0600,2023-10-21 19:01:27.944 -0600,159,109480056092207899,FLUXO,FX,fluxo
2023-10-21 19:01:27.944 -0600,2023-10-21 19:01:27.944 -0600,160,105536952747658409,MKERS,MKS,mkers
2023-10-21 19:01:27.945 -0600,2023-10-21 19:01:27.945 -0600,161,99566406493155041,Machi Esports,MCX,machi-esports
2023-10-21 19:01:27.946 -0600,2023-10-21 19:01:27.946 -0600,162,106371176555003349,NK Osijek Esport,NKOS,nk-osijek-esport
2023-10-21 19:01:27.946 -0600,2023-10-21 19:01:27.946 -0600,163,110534700622694005,Aporia,APR,aporia
2023-10-21 19:01:27.947 -0600,2023-10-21 19:01:27.947 -0600,164,107423083507599175,Vanir,VNR,vanir
2023-10-21 19:01:27.947 -0600,2023-10-21 19:01:27.947 -0600,165,105514907449611976,Team BDS Academy,BDSA,team-bds-academy
2023-10-21 19:01:27.948 -0600,2023-10-21 19:01:27.948 -0600,166,100725845022060229,Liiv SANDBOX,LSB,liiv-sandbox
2023-10-21 19:01:27.949 -0600,2023-10-21 19:01:27.949 -0600,167,98926509892121852,FlyQuest,FLY,flyquest
2023-10-21 19:01:27.949 -0600,2023-10-21 19:01:27.949 -0600,168,107598788926820994,Macro Pampas,PAM,pampas
2023-10-21 19:01:27.950 -0600,2023-10-21 19:01:27.950 -0600,169,107581738783262346,Gravity Elite,GVE,gravity-elite
2023-10-21 19:01:27.950 -0600,2023-10-21 19:01:27.950 -0600,170,99566406338282437,ORDER,ORD,order
2023-10-21 19:01:27.951 -0600,2023-10-21 19:01:27.951 -0600,171,98767991916844003,Kaos Latin Gamers,KLG,kaos-latin-gamers
2023-10-21 19:01:27.951 -0600,2023-10-21 19:01:27.951 -0600,172,105537621677160078,Team Queso,TQ,team-queso
2023-10-21 19:01:27.952 -0600,2023-10-21 19:01:27.952 -0600,173,103240746427890311,Tian,CN4,tian
2023-10-21 19:01:27.953 -0600,2023-10-21 19:01:27.953 -0600,174,105550026570060790,DK Challengers,DK,dwg-kia-challengers
2023-10-21 19:01:27.953 -0600,2023-10-21 19:01:27.953 -0600,175,99294153828264740,"100 Thieves","100","100-thieves"
2023-10-21 19:01:27.954 -0600,2023-10-21 19:01:27.954 -0600,176,102787200136756173,Berlin International Gaming,BIG,berlin-international-gaming
2023-10-21 19:01:27.954 -0600,2023-10-21 19:01:27.954 -0600,177,102804906460506452,Lowkey Esports,LK,lowkey-esports
2023-10-21 19:01:27.955 -0600,2023-10-21 19:01:27.955 -0600,178,105351835580819729,LCS Queue Kings,LCSQ,lcs-queue-kings
2023-10-21 19:01:27.955 -0600,2023-10-21 19:01:27.955 -0600,179,103240746433395345,Clid,KR2,clid
2023-10-21 19:01:27.956 -0600,2023-10-21 19:01:27.956 -0600,180,98767991930907107,Immortals Progressive,IMT,immortals-progressive
2023-10-21 19:01:27.957 -0600,2023-10-21 19:01:27.957 -0600,181,98926509883054987,Dignitas,DIG,dignitas
2023-10-21 19:01:27.957 -0600,2023-10-21 19:01:27.957 -0600,182,108439036582886702,BWE Esports,BWE,byteway-esports
2023-10-21 19:01:27.958 -0600,2023-10-21 19:01:27.958 -0600,183,107581284487120142,Six Karma,"6K",six-karma
2023-10-21 19:01:27.958 -0600,2023-10-21 19:01:27.958 -0600,184,106857724782292541,C9 Amateur,C9AM,c9-amateur
2023-10-21 19:01:27.959 -0600,2023-10-21 19:01:27.959 -0600,185,107467827374313054,Finetwork KOI,FNK,finetwork-koi
2023-10-21 19:01:27.959 -0600,2023-10-21 19:01:27.959 -0600,186,103461966971048042,Evil Geniuses Challengers,EG,eg-academy
2023-10-21 19:01:27.960 -0600,2023-10-21 19:01:27.960 -0600,187,99566408221114231,KaBuM! Esports,KBM,kabum-esports
2023-10-21 19:01:27.961 -0600,2023-10-21 19:01:27.961 -0600,188,105913111502565010,Zoos Gaming,ZOOS,zoos-gaming
2023-10-21 19:01:27.961 -0600,2023-10-21 19:01:27.961 -0600,189,104710383210356454,LowLandLions,LION,lowlandlions
2023-10-21 19:01:27.962 -0600,2023-10-21 19:01:27.962 -0600,190,105550036134585264,BRO Challengers,BRO,bro-challengers
2023-10-21 19:01:27.962 -0600,2023-10-21 19:01:27.962 -0600,191,109697683685398040,MAGAZA,MGZ,magaza
2023-10-21 19:01:27.963 -0600,2023-10-21 19:01:27.963 -0600,192,105549998884468136,paiN Academy,PNG,pain-academy
2023-10-21 19:01:27.963 -0600,2023-10-21 19:01:27.963 -0600,193,109783130654973406,Godel Gamers,GODL,godel-gamers
2023-10-21 19:01:27.964 -0600,2023-10-21 19:01:27.964 -0600,194,105301773561628001,LCK Legends,LCKL,lcklegends
2023-10-21 19:01:27.965 -0600,2023-10-21 19:01:27.965 -0600,195,101157821382267957,Sneaky,NA2,sneaky
2023-10-21 19:01:27.965 -0600,2023-10-21 19:01:27.965 -0600,196,109698030312834058,Genbu Gaming,GNGG,genbu-gaming
2023-10-21 19:01:27.966 -0600,2023-10-21 19:01:27.966 -0600,197,103535282140533402,Beşiktaş Akademi,BJK,besiktas-akademi
2023-10-21 19:01:27.966 -0600,2023-10-21 19:01:27.966 -0600,198,105351737774956843,LPL Legends,LPLL,lpl-legends
2023-10-21 19:01:27.967 -0600,2023-10-21 19:01:27.967 -0600,199,107603544245460197,Ramo Awake Gaming,AWK,awake-gaming
2023-10-21 19:01:27.968 -0600,2023-10-21 19:01:27.968 -0600,200,106269859169658575,Impunity Esports,IMP,impunity-esports
2023-10-21 19:01:27.968 -0600,2023-10-21 19:01:27.968 -0600,201,107599040773840060,Meta Gaming,MG,meta-gaming
2023-10-21 19:01:27.969 -0600,2023-10-21 19:01:27.969 -0600,202,107251295460371069,Team Secret,TS,team-secret
2023-10-21 19:01:27.969 -0600,2023-10-21 19:01:27.969 -0600,203,109674808371974726,Newell's Esports,NOB,newells-esports
2023-10-21 19:01:27.970 -0600,2023-10-21 19:01:27.970 -0600,204,109631326144414089,"19 Esports","19","19-esports"
2023-10-21 19:01:27.970 -0600,2023-10-21 19:01:27.970 -0600,205,103535282146169523,Info Yatırım Aurora Akademi,AUR,info-yatrm-aurora-akademi
2023-10-21 19:01:27.971 -0600,2023-10-21 19:01:27.971 -0600,206,101422616509070746,Galatasaray Espor,GS,galatasaray-espor
2023-10-21 19:01:27.972 -0600,2023-10-21 19:01:27.972 -0600,207,108203173414485265,HLE Academy,HLE,hle-academy
2023-10-21 19:01:27.972 -0600,2023-10-21 19:01:27.972 -0600,208,103240746421271163,Chippys,OCE1,chippys
2023-10-21 19:01:27.973 -0600,2023-10-21 19:01:27.973 -0600,209,103240746424613505,Goku,BR2,goku
2023-10-21 19:01:27.973 -0600,2023-10-21 19:01:27.973 -0600,210,98767991954244555,GAM Esports,GAM,gam-esports
2023-10-21 19:01:27.974 -0600,2023-10-21 19:01:27.974 -0600,211,109674814051390025,Primate,PMT,primate
2023-10-21 19:01:27.975 -0600,2023-10-21 19:01:27.975 -0600,212,104251016988118464,Galatasaray Espor Akademi,GS,galatasaray-espor-akademi
2023-10-21 19:01:27.975 -0600,2023-10-21 19:01:27.975 -0600,213,108159996371573462,Maryville University,MU,maryville-university
2023-10-21 19:01:27.976 -0600,2023-10-21 19:01:27.976 -0600,214,99566406334639907,Legacy Esports,LGC,legacy-esports
2023-10-21 19:01:27.976 -0600,2023-10-21 19:01:27.976 -0600,215,101157821417067613,G4,LST2,g4
2023-10-21 19:01:27.977 -0600,2023-10-21 19:01:27.977 -0600,216,106827823550343961,AXZ Academy,AXZ,axz-academy
2023-10-21 19:01:27.978 -0600,2023-10-21 19:01:27.978 -0600,217,102787200126663579,Giants,GIA,giants
2023-10-21 19:01:27.978 -0600,2023-10-21 19:01:27.978 -0600,218,106250732506012141,Umbra Divinus Gaming,UDGG,umbra-divinus-gaming
2023-10-21 19:01:27.979 -0600,2023-10-21 19:01:27.979 -0600,219,105397404796640412,LOUD,LLL,loud
2023-10-21 19:01:27.979 -0600,2023-10-21 19:01:27.979 -0600,220,105593182576105603,BRUTE,BRT,brute
2023-10-21 19:01:27.980 -0600,2023-10-21 19:01:27.980 -0600,221,105504044166670507,Unicorns of Love Sexy Edition,USE,unicorns-of-love-sexy-edition
2023-10-21 19:01:27.980 -0600,2023-10-21 19:01:27.980 -0600,222,99566405944694628,Pixel Esports Club,PIX,pixel-esports-club
2023-10-21 19:01:27.981 -0600,2023-10-21 19:01:27.981 -0600,223,99566405131343995,Echo Fox Academy,FOXA,echo-fox-academy
2023-10-21 19:01:27.982 -0600,2023-10-21 19:01:27.982 -0600,224,104710343016706538,"7more7 Pompa Team",PT7,"7more7-pompa-team"
2023-10-21 19:01:27.982 -0600,2023-10-21 19:01:27.982 -0600,225,109981650516317055,Mirage Alliance,MIR,mirage-alliance
2023-10-21 19:01:27.983 -0600,2023-10-21 19:01:27.983 -0600,226,109642680932009857,Nord Esports,NORD,nord-esports
2023-10-21 19:01:27.983 -0600,2023-10-21 19:01:27.983 -0600,227,107581206998502078,Atheris Esports,ATH,atheris-esports
2023-10-21 19:01:27.984 -0600,2023-10-21 19:01:27.984 -0600,228,105520077508552574,Tricked Esport,TRC,tricked-esport
2023-10-21 19:01:27.985 -0600,2023-10-21 19:01:27.985 -0600,229,107598683861013570,Boca Juniors Gaming,BOC,boca-juniors-gaming
2023-10-21 19:01:27.985 -0600,2023-10-21 19:01:27.985 -0600,230,103240746436737687,Mikyx,EU3,mikyx
2023-10-21 19:01:27.986 -0600,2023-10-21 19:01:27.986 -0600,231,110733889090164854,Return of the Middlesticks,ROTM,return-of-the-middlesticks
2023-10-21 19:01:27.986 -0600,2023-10-21 19:01:27.986 -0600,232,105503535895066182,Wave Esports,WAVE,wave-esports
2023-10-21 19:01:27.987 -0600,2023-10-21 19:01:27.987 -0600,233,102787200145472495,Defusekids,DKI,defusekids
2023-10-21 19:01:27.987 -0600,2023-10-21 19:01:27.987 -0600,234,107456352597333899,NNO Prime,NNO,noneedorga
2023-10-21 19:01:27.988 -0600,2023-10-21 19:01:27.988 -0600,235,107564167676290839,Rebels,RBLS,rebels-gaming
2023-10-21 19:01:27.989 -0600,2023-10-21 19:01:27.989 -0600,236,109668849651338559,FENNEL,FL,fennel
2023-10-21 19:01:27.989 -0600,2023-10-21 19:01:27.989 -0600,237,107599112065439311,Dark Horse,DHX,dark-horse
2023-10-21 19:01:27.990 -0600,2023-10-21 19:01:27.990 -0600,238,105515266817621145,Team MCES,MCES,team-mces
2023-10-21 19:01:27.990 -0600,2023-10-21 19:01:27.990 -0600,239,103877891572305836,Team Singularity,SNG,team-singularity
2023-10-21 19:01:27.991 -0600,2023-10-21 19:01:27.991 -0600,240,103963715924353674,Dragon Army,DA,dragon-army
2023-10-21 19:01:27.991 -0600,2023-10-21 19:01:27.991 -0600,241,105521426070232498,Rejects Gaming,RJX,rejects-gaming
2023-10-21 19:01:27.993 -0600,2023-10-21 19:01:27.993 -0600,242,107574959289974368,Odivelas Sports Club,OSC,odivelas-sports-club
2023-10-21 19:01:27.995 -0600,2023-10-21 19:01:27.995 -0600,243,98767991853197861,T1,T1,t1
2023-10-21 19:01:27.996 -0600,2023-10-21 19:01:27.996 -0600,244,99322214689444546,Schalke 04 Esports,S04,schalke-04
2023-10-21 19:01:27.997 -0600,2023-10-21 19:01:27.997 -0600,245,107598764318774383,KRÜ Esports,KRU,kru-esports
2023-10-21 19:01:27.999 -0600,2023-10-21 19:01:27.999 -0600,246,104270958001747936,One Breath Gaming,OBG,one-breath-gaming
2023-10-21 19:01:28.000 -0600,2023-10-21 19:01:28.000 -0600,247,107575082591536093,Entropiq,EIQ,entropiq
2023-10-21 19:01:28.001 -0600,2023-10-21 19:01:28.001 -0600,248,107598878262940546,Malvinas Rise,MVG,malvinas-gaming
2023-10-21 19:01:28.002 -0600,2023-10-21 19:01:28.002 -0600,249,107467803833323099,Los Heretics,HRTS,team-heretics-sl
2023-10-21 19:01:28.003 -0600,2023-10-21 19:01:28.003 -0600,250,99322214691747156,Splyce,SPY,splyce
2023-10-21 19:01:28.004 -0600,2023-10-21 19:01:28.004 -0600,251,105519846782566525,MnM Gaming,MNM,mnm-gaming
2023-10-21 19:01:28.005 -0600,2023-10-21 19:01:28.005 -0600,252,105593311172904657,Eclot Gaming,ECT,eclot-gaming
2023-10-21 19:01:28.006 -0600,2023-10-21 19:01:28.006 -0600,253,109671413728531527,Pentagon Rejects,PTR,pentagon-rejects
2023-10-21 19:01:28.007 -0600,2023-10-21 19:01:28.007 -0600,254,99566406065437842,Dark Passage,DP,dark-passage
2023-10-21 19:01:28.008 -0600,2023-10-21 19:01:28.008 -0600,255,106827844148688268,SG Academy,SG,sg-academy
2023-10-21 19:01:28.009 -0600,2023-10-21 19:01:28.009 -0600,256,103878020539746273,EGN Esports,EGN,egn-esports
2023-10-21 19:01:28.010 -0600,2023-10-21 19:01:28.010 -0600,257,107655539755387391,Varona Esports,VAE,varona-esports
2023-10-21 19:01:28.011 -0600,2023-10-21 19:01:28.011 -0600,258,108159958519099117,Bay State College,BAY,bay-state-college
2023-10-21 19:01:28.012 -0600,2023-10-21 19:01:28.012 -0600,259,98767991882270868,SHANGHAI EDWARD GAMING HYCAN,EDG,edward-gaming
2023-10-21 19:01:28.013 -0600,2023-10-21 19:01:28.013 -0600,260,105536643047197642,NASR ESPORTS,NASR,nasr-esports
2023-10-21 19:01:28.013 -0600,2023-10-21 19:01:28.013 -0600,261,107581689894520368,Bandits Gaming,BAN,bandits
2023-10-21 19:01:28.014 -0600,2023-10-21 19:01:28.014 -0600,262,107599089191671351,Santiago Wanderers,SW,santiago-wanderers
2023-10-21 19:01:28.015 -0600,2023-10-21 19:01:28.015 -0600,263,107700211633200412,Meta Falcon Team,MFT,meta-falcon-team
2023-10-21 19:01:28.016 -0600,2023-10-21 19:01:28.016 -0600,264,107582150625414483,AceS GaminG,ACS,aces-gaming
2023-10-21 19:01:28.017 -0600,2023-10-21 19:01:28.017 -0600,265,108203166973601408,Liiv SANDBOX Academy,LSB,liiv-sandbox-academy
2023-10-21 19:01:28.018 -0600,2023-10-21 19:01:28.018 -0600,266,101157821432665199,Ceros,JP2,ceros
2023-10-21 19:01:28.019 -0600,2023-10-21 19:01:28.019 -0600,267,99566406066182955,GALAKTICOS,GAL,galakticos
2023-10-21 19:01:28.020 -0600,2023-10-21 19:01:28.020 -0600,268,102141671183409133,Maryville University,MU,maryville-university
2023-10-21 19:01:28.021 -0600,2023-10-21 19:01:28.021 -0600,269,99294153826603341,Clutch Gaming,CLU,clutch-gaming
2023-10-21 19:01:28.022 -0600,2023-10-21 19:01:28.022 -0600,270,109672618694070633,Aethernum Esports,AET,aethernum-esports
2023-10-21 19:01:28.023 -0600,2023-10-21 19:01:28.023 -0600,271,103240746440080029,Doinb,CN2,doinb
2023-10-21 19:01:28.024 -0600,2023-10-21 19:01:28.024 -0600,272,103240746432281231,Ziv,LMS2,ziv
2023-10-21 19:01:28.025 -0600,2023-10-21 19:01:28.025 -0600,273,103535282135552642,Papara SuperMassive Blaze Akademi,SMB,papara-supermassive-blaze-akademi
2023-10-21 19:01:28.026 -0600,2023-10-21 19:01:28.026 -0600,274,105520796734358045,Team 7AM,"7AM",team-7am
2023-10-21 19:01:28.027 -0600,2023-10-21 19:01:28.027 -0600,275,100725845018863243,Dplus Kia,DK,dwg-kia
2023-10-21 19:01:28.028 -0600,2023-10-21 19:01:28.028 -0600,276,108352305932141947,DSYRE,DSYR,dsyre
2023-10-21 19:01:28.029 -0600,2023-10-21 19:01:28.029 -0600,277,109485342651298305,FLUXO Academy,FX,fluxo-academy
2023-10-21 19:01:28.030 -0600,2023-10-21 19:01:28.030 -0600,278,103963753080578719,CrowCrowd Moscow,CC,crowcrowd-moscow
2023-10-21 19:01:28.031 -0600,2023-10-21 19:01:28.031 -0600,279,99566406494784730,MAD Team,MADD,mad-team
2023-10-21 19:01:28.032 -0600,2023-10-21 19:01:28.032 -0600,280,107580497041999074,Team Ambition,TA,team-ambition
2023-10-21 19:01:28.033 -0600,2023-10-21 19:01:28.033 -0600,281,99566404846951820,LGD GAMING,LGD,lgd-gaming
2023-10-21 19:01:28.034 -0600,2023-10-21 19:01:28.034 -0600,282,101428372602011186,V3 Esports,V3,v3-esports
2023-10-21 19:01:28.035 -0600,2023-10-21 19:01:28.035 -0600,283,107581761958954646,Vandals Esports,VAN,vandals-esports
2023-10-21 19:01:28.036 -0600,2023-10-21 19:01:28.036 -0600,284,106857739520697600,"100 Next","100X","100-next"
2023-10-21 19:01:28.037 -0600,2023-10-21 19:01:28.037 -0600,285,106334802515490809,Wortex,WTX,wortex
2023-10-21 19:01:28.038 -0600,2023-10-21 19:01:28.038 -0600,286,103877908090914662,Kenty,KEN,kenty
2023-10-21 19:01:28.039 -0600,2023-10-21 19:01:28.039 -0600,287,103240746438900379,Bolulu,TCL1,bolulu
2023-10-21 19:01:28.040 -0600,2023-10-21 19:01:28.040 -0600,288,101428372607057464,AXIZ,AXZ,axiz
2023-10-21 19:01:28.041 -0600,2023-10-21 19:01:28.041 -0600,289,105913238372341488,Wildcard,WC,wildcard-gaming
2023-10-21 19:01:28.042 -0600,2023-10-21 19:01:28.042 -0600,290,109539776003058530,Alior Bank Team,AB,alior-bank-team
2023-10-21 19:01:28.043 -0600,2023-10-21 19:01:28.043 -0600,291,107456994699991548,Atleta Esport,ATE,atleta-esport
2023-10-21 19:01:28.044 -0600,2023-10-21 19:01:28.044 -0600,292,103535282119620510,Fukuoka SoftBank HAWKS gaming,SHG,fukuoka-softbank-hawks-gaming
2023-10-21 19:01:28.045 -0600,2023-10-21 19:01:28.045 -0600,293,103240746426776197,Shrimp,BR1,shrimp
2023-10-21 19:01:28.046 -0600,2023-10-21 19:01:28.046 -0600,294,101383792887446028,MAMMOTH,MEC,mammoth
2023-10-21 19:01:28.047 -0600,2023-10-21 19:01:28.047 -0600,295,110492173877838150,Eternal Fire,EF,eternal-fire
2023-10-21 19:01:28.047 -0600,2023-10-21 19:01:28.047 -0600,296,109981655738221109,Team Plink,CAT,team-plink
2023-10-21 19:01:28.048 -0600,2023-10-21 19:01:28.048 -0600,297,107582598621022934,Club Deportivo Municipal,CDM,club-deportivo-municipal
2023-10-21 19:01:28.049 -0600,2023-10-21 19:01:28.049 -0600,298,107582173169864040,GeekSide Esports,GSE,geekside-esports
2023-10-21 19:01:28.050 -0600,2023-10-21 19:01:28.050 -0600,299,106302119383559530,Galaxy Racer,GXR,galaxy-racer
2023-10-21 19:01:28.051 -0600,2023-10-21 19:01:28.051 -0600,300,101157821399635017,Bang,NA1,bang
2023-10-21 19:01:28.052 -0600,2023-10-21 19:01:28.052 -0600,301,103461966975897718,Immortals Progressive Challengers,IMT,imt-academy
2023-10-21 19:01:28.053 -0600,2023-10-21 19:01:28.053 -0600,302,107582157086477662,Descuydado Aucas Esports,DSC,descuydado-esports
2023-10-21 19:01:28.054 -0600,2023-10-21 19:01:28.054 -0600,303,105536738266035235,Cyberground Gaming,CGG,cyberground-gaming
2023-10-21 19:01:28.055 -0600,2023-10-21 19:01:28.055 -0600,304,99566408217955692,paiN Gaming,PNG,pain-gaming
2023-10-21 19:01:28.056 -0600,2023-10-21 19:01:28.056 -0600,305,109676337359108345,Eclipse Gaming,ECG,eclipse-gaming
2023-10-21 19:01:28.057 -0600,2023-10-21 19:01:28.057 -0600,306,105536918475957734,Macko Esports,MCK,macko-esports
2023-10-21 19:01:28.058 -0600,2023-10-21 19:01:28.058 -0600,307,109698026697016325,Barcelona BG,BBG,barcelona-bg
2023-10-21 19:01:28.058 -0600,2023-10-21 19:01:28.058 -0600,308,107599144012469862,Maze Gaming,MAZ,maze-gaming
2023-10-21 19:01:28.059 -0600,2023-10-21 19:01:28.059 -0600,309,103877774634323825,YDN Gamers,YDN,ydn-gamers
2023-10-21 19:01:28.060 -0600,2023-10-21 19:01:28.060 -0600,310,103461966951059521,Evil Geniuses LG,EG,evil-geniuses
2023-10-21 19:01:28.061 -0600,2023-10-21 19:01:28.061 -0600,311,109696092218588987,Nigma Galaxy,NGX,nigma-galaxy
2023-10-21 19:01:28.062 -0600,2023-10-21 19:01:28.062 -0600,312,103535282138043022,Fenerbahçe Espor Akademi,FB,fenerbahce-espor-akademi
2023-10-21 19:01:28.062 -0600,2023-10-21 19:01:28.062 -0600,313,108203169709977541,BRO Academy,BRO,fredit-brion-academy
2023-10-21 19:01:28.063 -0600,2023-10-21 19:01:28.063 -0600,314,107603548241713732,Braves Rising,BRR,braves-rising
2023-10-21 19:01:28.064 -0600,2023-10-21 19:01:28.064 -0600,315,105520781900097659,"4 Elements","4E","4-elements"
2023-10-21 19:01:28.065 -0600,2023-10-21 19:01:28.065 -0600,316,99566405688134373,Besiktasarchive,BJKK,besiktasarchive
2023-10-21 19:01:28.066 -0600,2023-10-21 19:01:28.066 -0600,317,104016416551172375,Seorabeol Gaming,SRB,seorabeol-gaming
2023-10-21 19:01:28.067 -0600,2023-10-21 19:01:28.067 -0600,318,103240746437786265,Bwipo,EU4,bwipo
2023-10-21 19:01:28.068 -0600,2023-10-21 19:01:28.068 -0600,319,107416342401528388,Maturalni Forsaken,MFSK,forsaken
2023-10-21 19:01:28.069 -0600,2023-10-21 19:01:28.069 -0600,320,109704625422425316,Benelux United,BLX,benelux-united
2023-10-21 19:01:28.070 -0600,2023-10-21 19:01:28.070 -0600,321,103877625775457850,Movistar Riders,MRS,movistar-riders
2023-10-21 19:01:28.071 -0600,2023-10-21 19:01:28.071 -0600,322,99566408217116828,INTZ,ITZ,intz
2023-10-21 19:01:28.072 -0600,2023-10-21 19:01:28.072 -0600,323,108159890692353756,St. Clair College,SCC,st-clair-college
2023-10-21 19:01:28.073 -0600,2023-10-21 19:01:28.073 -0600,324,108319257932089006,Osaka,OSK,osaka
2023-10-21 19:01:28.074 -0600,2023-10-21 19:01:28.074 -0600,325,110425005562048945,Keypulse Esports,KYP,keypulse-esports
2023-10-21 19:01:28.075 -0600,2023-10-21 19:01:28.075 -0600,326,100205576309502431,FURIA,FUR,furia
2023-10-21 19:01:28.076 -0600,2023-10-21 19:01:28.076 -0600,327,109783124183318312,University of St. Trevor,UST,university-of-st-trevor
2023-10-21 19:01:28.077 -0600,2023-10-21 19:01:28.077 -0600,328,101383793567806688,SK Gaming,SK,sk-gaming
2023-10-21 19:01:28.078 -0600,2023-10-21 19:01:28.078 -0600,329,101157821349705475,CN with Influencers,CNWI,cn-with-influencers
2023-10-21 19:01:28.079 -0600,2023-10-21 19:01:28.079 -0600,330,106421708401759879,Black Star Gaming,BSGG,black-star-gaming
2023-10-21 19:01:28.080 -0600,2023-10-21 19:01:28.080 -0600,331,110733870612047344,Team Coachify,CFY,team-coachify
2023-10-21 19:01:28.081 -0600,2023-10-21 19:01:28.081 -0600,332,107251941920386009,BTS ESPORTS,SKY,bts-esports
2023-10-21 19:01:28.082 -0600,2023-10-21 19:01:28.082 -0600,333,107582178455767077,Pirate Dream,PD,pirate-dream
2023-10-21 19:01:28.082 -0600,2023-10-21 19:01:28.082 -0600,334,98767991892579754,Royal Never Give Up,RNG,royal-never-give-up
2023-10-21 19:01:28.083 -0600,2023-10-21 19:01:28.083 -0600,335,107179740624168899,HEET,HEET,heet
2023-10-21 19:01:28.084 -0600,2023-10-21 19:01:28.084 -0600,336,105521412995449549,Team ESCA Gaming,ESCA,team-esca-gaming
2023-10-21 19:01:28.085 -0600,2023-10-21 19:01:28.085 -0600,337,107416483509696259,Eintracht Spandau,EINS,eintracht-spandau
2023-10-21 19:01:28.087 -0600,2023-10-21 19:01:28.087 -0600,338,102787200130988976,ASUS ROG Elite,ASUS,asus-rog-elite
2023-10-21 19:01:28.089 -0600,2023-10-21 19:01:28.089 -0600,339,99124844362174905,TCL All-Stars,TCL,all-stars-tur
2023-10-21 19:01:28.090 -0600,2023-10-21 19:01:28.090 -0600,340,104710682193583854,Topo Centras Iron Wolves,WOLF,topo-centras-iron-wolves
2023-10-21 19:01:28.092 -0600,2023-10-21 19:01:28.092 -0600,341,110534714934488523,CB Gaming,CBG,cb-gaming
2023-10-21 19:01:28.093 -0600,2023-10-21 19:01:28.093 -0600,342,107581287168722290,The Kings,TK,the-kings
2023-10-21 19:01:28.094 -0600,2023-10-21 19:01:28.094 -0600,343,107581300297680248,Zylant Esports,ZLT,zylant-esports
2023-10-21 19:01:28.095 -0600,2023-10-21 19:01:28.095 -0600,344,99124844361058275,CBLOL All-Stars,BR,all-stars-cblol
2023-10-21 19:01:28.096 -0600,2023-10-21 19:01:28.096 -0600,345,110418022381234710,SPIKE Syndicate,SPK,spike-syndicate
2023-10-21 19:01:28.097 -0600,2023-10-21 19:01:28.097 -0600,346,109642690191894407,Ruddy Esports,RUD,ruddy-esports
2023-10-21 19:01:28.098 -0600,2023-10-21 19:01:28.098 -0600,347,104843437139220481,Undead BK,UBK,undead-bk
2023-10-21 19:01:28.099 -0600,2023-10-21 19:01:28.099 -0600,348,109698855806033734,Universitario Esports,UE,universitario-esports
2023-10-21 19:01:28.100 -0600,2023-10-21 19:01:28.100 -0600,349,98767991949608898,Fenerbahçe Espor,FB,fenerbahce-espor
2023-10-21 19:01:28.101 -0600,2023-10-21 19:01:28.101 -0600,350,103877976717529187,Intrepid Fox Gaming,IF,intrepid-fox-gaming
2023-10-21 19:01:28.103 -0600,2023-10-21 19:01:28.103 -0600,351,101428372603715124,Crest Gaming Act,CGA,crest-gaming-act
2023-10-21 19:01:28.104 -0600,2023-10-21 19:01:28.104 -0600,352,105549984475833252,Cruzeiro Academy,CRZA,cruzeiro-academy
2023-10-21 19:01:28.105 -0600,2023-10-21 19:01:28.105 -0600,353,105193481874236222,LCL-All-Stars,LCL,lcl-all-stars
2023-10-21 19:01:28.106 -0600,2023-10-21 19:01:28.106 -0600,354,101157821425652839,Plugo,LLA1,plugo
2023-10-21 19:01:28.107 -0600,2023-10-21 19:01:28.107 -0600,355,103240746435623573,CoreJJ,NA3,corejj
2023-10-21 19:01:28.108 -0600,2023-10-21 19:01:28.108 -0600,356,109692074894483834,West Point Esports,WP,sem9-wpe
2023-10-21 19:01:28.109 -0600,2023-10-21 19:01:28.109 -0600,357,101428372600307248,Rascal Jester,RJ,rascal-jester
2023-10-21 19:01:28.110 -0600,2023-10-21 19:01:28.110 -0600,358,107581755241449104,Red Rooster,RRR,red-rooster
2023-10-21 19:01:28.111 -0600,2023-10-21 19:01:28.111 -0600,359,103935468920814040,Team GO,GO,gamersorigin
2023-10-21 19:01:28.112 -0600,2023-10-21 19:01:28.112 -0600,360,101383793569248484,Astralis,AST,astralis
2023-10-21 19:01:28.113 -0600,2023-10-21 19:01:28.113 -0600,361,109631614501223948,War Legion Esports,WLE,war-legion-esports
2023-10-21 19:01:28.114 -0600,2023-10-21 19:01:28.114 -0600,362,104212474149188693,Altokekw Españita,OLE,lvp
2023-10-21 19:01:28.115 -0600,2023-10-21 19:01:28.115 -0600,363,110733881542862348,Cold Hearted,COLD,cold-hearted
2023-10-21 19:01:28.116 -0600,2023-10-21 19:01:28.116 -0600,364,107179722233063345,Cryptova,OVA,cryptova
2023-10-21 19:01:28.117 -0600,2023-10-21 19:01:28.117 -0600,365,99566408358330419,Isurus,ISG,isurus
2023-10-21 19:01:28.118 -0600,2023-10-21 19:01:28.118 -0600,366,102787200138722262,Devils.One,DV1,devilsone
2023-10-21 19:01:28.119 -0600,2023-10-21 19:01:28.119 -0600,367,107467834753797729,Bisons,BSO,bisons-eclub
2023-10-21 19:01:28.120 -0600,2023-10-21 19:01:28.120 -0600,368,107603586980602718,NOCTA,NOC,nocta
2023-10-21 19:01:28.121 -0600,2023-10-21 19:01:28.121 -0600,369,105547976546505145,Team Infamous,IFM,team-infamous
2023-10-21 19:01:28.122 -0600,2023-10-21 19:01:28.122 -0600,370,106857734387052095,AOE Gold,AOE,aoe-esports
2023-10-21 19:01:28.124 -0600,2023-10-21 19:01:28.124 -0600,371,100205576307813373,Flamengo ,FLA,flamengo-esports
2023-10-21 19:01:28.125 -0600,2023-10-21 19:01:28.125 -0600,372,105520786527322647,KRC Genk Esports,GENK,krc-genk-esports
2023-10-21 19:01:28.126 -0600,2023-10-21 19:01:28.126 -0600,373,108448995754333242,webidoo Gaming,WBD,webidoo-gaming
2023-10-21 19:01:28.127 -0600,2023-10-21 19:01:28.127 -0600,374,107603596915629288,Spirituals,STS,spirituals
2023-10-21 19:01:28.129 -0600,2023-10-21 19:01:28.129 -0600,375,107598780504331406,Maycam Evolve,EV,maycam-evolve
2023-10-21 19:01:28.130 -0600,2023-10-21 19:01:28.130 -0600,376,100289931264192378,Team Spirit,TSPT,team-spirit
2023-10-21 19:01:28.131 -0600,2023-10-21 19:01:28.131 -0600,377,98767991940181526,Misfits Gaming,MSF,misfits-gaming
2023-10-21 19:01:28.132 -0600,2023-10-21 19:01:28.132 -0600,378,102787200155434012,JD|XL,JDXL,jdxl
2023-10-21 19:01:28.133 -0600,2023-10-21 19:01:28.133 -0600,379,109783149221216052,Lit Esports,LIT,lit-esports
2023-10-21 19:01:28.134 -0600,2023-10-21 19:01:28.134 -0600,380,106371141659311452,Valiance PRO GAME,VPG,valiance-pro-game
2023-10-21 19:01:28.135 -0600,2023-10-21 19:01:28.135 -0600,381,105520784254806142,ION SQUAD,ION,ion-squad
2023-10-21 19:01:28.136 -0600,2023-10-21 19:01:28.136 -0600,382,108203154514683518,T1 Rookies,T1,t1-rookies
2023-10-21 19:01:28.137 -0600,2023-10-21 19:01:28.137 -0600,383,105520816474194464,Dynasty,DYN,dynasty
2023-10-21 19:01:28.138 -0600,2023-10-21 19:01:28.138 -0600,384,99566408219409348,Vivo Keyd Stars,VKS,vivo-keyd
2023-10-21 19:01:28.138 -0600,2023-10-21 19:01:28.138 -0600,385,104710354840711661,Riddle Esports,RDL,riddle
2023-10-21 19:01:28.139 -0600,2023-10-21 19:01:28.139 -0600,386,107582613263241138,Deliverance Esports,DVE,deliverance-esports
2023-10-21 19:01:28.140 -0600,2023-10-21 19:01:28.140 -0600,387,105709099258505657,PEACE,PCE,peace
2023-10-21 19:01:28.141 -0600,2023-10-21 19:01:28.141 -0600,388,101157821401338955,Peanut,KR3,peanut
2023-10-21 19:01:28.142 -0600,2023-10-21 19:01:28.142 -0600,389,107760667929003738,Frank Esports,FAK,frank-esports
2023-10-21 19:01:28.143 -0600,2023-10-21 19:01:28.143 -0600,390,107565493716773932,Nativz,NTZ,nativz
2023-10-21 19:01:28.144 -0600,2023-10-21 19:01:28.144 -0600,391,109783136441695429,Mirage,MRGE,mirage
2023-10-21 19:01:28.144 -0600,2023-10-21 19:01:28.144 -0600,392,105519945593890595,KOVA Esports,KOVA,kova-esports
2023-10-21 19:01:28.145 -0600,2023-10-21 19:01:28.145 -0600,393,107603554304287575,King of Goats,KOG,king-of-goats
2023-10-21 19:01:28.146 -0600,2023-10-21 19:01:28.146 -0600,394,105520826536746180,Team THRLL,TRL,team-thrll
2023-10-21 19:01:28.147 -0600,2023-10-21 19:01:28.147 -0600,395,110534696811298545,Apex Mission Impossible,AMI,apex-mission-impossible
2023-10-21 19:01:28.148 -0600,2023-10-21 19:01:28.148 -0600,396,110506938087991033,FL Academy,FL,fl-academy
2023-10-21 19:01:28.148 -0600,2023-10-21 19:01:28.148 -0600,397,107580475800733004,Third Party,"3P",third-party
2023-10-21 19:01:28.149 -0600,2023-10-21 19:01:28.149 -0600,398,109480204628225868,Los Grandes,LOS,los-grandes
2023-10-21 19:01:28.150 -0600,2023-10-21 19:01:28.150 -0600,399,110383487456480967,Vertex ESC,VTX,vertex-esc
2023-10-21 19:01:28.150 -0600,2023-10-21 19:01:28.150 -0600,400,110425157952111645,Fourth Wall,"4W",fourth-wall
2023-10-21 19:01:28.151 -0600,2023-10-21 19:01:28.151 -0600,401,104841890701948065,Estral Esports,EST,estral-esports
2023-10-21 19:01:28.152 -0600,2023-10-21 19:01:28.152 -0600,402,108573042084687884,TEAM WHALES,TW,team-whales
2023-10-21 19:01:28.153 -0600,2023-10-21 19:01:28.153 -0600,403,105543843212923183,Goskilla,GSK,goskilla
2023-10-21 19:01:28.153 -0600,2023-10-21 19:01:28.153 -0600,404,99124844353216570,LCK All-Stars,LCK,lck-allstars
2023-10-21 19:01:28.154 -0600,2023-10-21 19:01:28.154 -0600,405,103495716836203404,"5 Ronin","5R","5-ronin"
2023-10-21 19:01:28.155 -0600,2023-10-21 19:01:28.155 -0600,406,99566406332987990,The Chiefs,CHF,the-chiefs
2023-10-21 19:01:28.156 -0600,2023-10-21 19:01:28.156 -0600,407,102141671181705193,Michigan State University,MSU,michigan-state-university
2023-10-21 19:01:28.156 -0600,2023-10-21 19:01:28.156 -0600,408,105521451717484016,Hive Athens EC,HIVE,hive-athens-ec
2023-10-21 19:01:28.157 -0600,2023-10-21 19:01:28.157 -0600,409,102787200123059082,Team LDLC,LDLX,team-ldlc
2023-10-21 19:01:28.158 -0600,2023-10-21 19:01:28.158 -0600,410,103240746441194143,Fofo,LMS1,fofo
2023-10-21 19:01:28.159 -0600,2023-10-21 19:01:28.159 -0600,411,109696138543579708,"3BL Esports","3BL",ebl-esports
2023-10-21 19:01:28.159 -0600,2023-10-21 19:01:28.159 -0600,412,108404211655217274,Partizan Esports,PAR,partizan-esports
2023-10-21 19:01:28.160 -0600,2023-10-21 19:01:28.160 -0600,413,107067065368380132,Wild Panthers Esports,WPE,wild-panther-esports
2023-10-21 19:01:28.161 -0600,2023-10-21 19:01:28.161 -0600,414,99566404853058754,WeiboGaming FAW AUDI,WBG,weibo-gaming
2023-10-21 19:01:28.161 -0600,2023-10-21 19:01:28.161 -0600,415,105521674055625312,Gamespace Mediterranean College Esports,GSMC,gamespace-mediterranean-college-esports
2023-10-21 19:01:28.162 -0600,2023-10-21 19:01:28.162 -0600,416,107581750701049485,Janus Esports,JNS,janus-esports
2023-10-21 19:01:28.163 -0600,2023-10-21 19:01:28.163 -0600,417,107581212180071788,Peek Gaming,PK,peek-gaming
2023-10-21 19:01:28.164 -0600,2023-10-21 19:01:28.164 -0600,418,107597870621708485,Cyber Wolves Esports,CWE,cyber-wolves-esports
2023-10-21 19:01:28.164 -0600,2023-10-21 19:01:28.164 -0600,419,105357804699574324,CoreJJ Dream Team,CJJ,corejj-dream-team
2023-10-21 19:01:28.165 -0600,2023-10-21 19:01:28.165 -0600,420,107251245690956393,Saigon Buffalo Esports,SGB,saigon-buffalo-esports
2023-10-21 19:01:28.166 -0600,2023-10-21 19:01:28.166 -0600,421,107450819235010833,BK ROG Esports,BKR,bkrog-gamerorigin
2023-10-21 19:01:28.166 -0600,2023-10-21 19:01:28.166 -0600,422,105594116005157262,OFFSET Esports,OFF7,offset-esports
2023-10-21 19:01:28.167 -0600,2023-10-21 19:01:28.167 -0600,423,103935567188806885,Energypot Wizards,EWIZ,energypot-wizards
2023-10-21 19:01:28.168 -0600,2023-10-21 19:01:28.168 -0600,424,102825747707503563,MAD Lions E.C. Colombia,MADC,mad-lions-ec-colombia
2023-10-21 19:01:28.169 -0600,2023-10-21 19:01:28.169 -0600,425,103240746416552563,Team URF C,UFC,team-urf-c
2023-10-21 19:01:28.169 -0600,2023-10-21 19:01:28.169 -0600,426,109981678167856017,Miracle,MRC,miracle
2023-10-21 19:01:28.170 -0600,2023-10-21 19:01:28.170 -0600,427,99566404855553726,FunPlus Phoenix,FPX,funplus-phoenix
2023-10-21 19:01:28.170 -0600,2023-10-21 19:01:28.170 -0600,428,105537149834356301,Anc Outplayed,OP,anc-outplayed
2023-10-21 19:01:28.171 -0600,2023-10-21 19:01:28.171 -0600,429,105537444152141556,Herbalife Real Betis,BTS,herbalife-real-betis
2023-10-21 19:01:28.172 -0600,2023-10-21 19:01:28.172 -0600,430,108203164850614211,NS REDFORCE Academy,NS,ns-redforce-academy
2023-10-21 19:01:28.172 -0600,2023-10-21 19:01:28.172 -0600,431,108078422885368642,Panathinaikos Esports,PAO,panathinaikos-esports
2023-10-21 19:01:28.173 -0600,2023-10-21 19:01:28.173 -0600,432,109523293035238887,Aegis,AEG,aegis
2023-10-21 19:01:28.173 -0600,2023-10-21 19:01:28.173 -0600,433,99566408561605102,XTEN Esports,XTN,xten-esports
2023-10-21 19:01:28.174 -0600,2023-10-21 19:01:28.174 -0600,434,108361550364038935,AOE Randoms,AOER,aoe-randoms
2023-10-21 19:01:28.175 -0600,2023-10-21 19:01:28.175 -0600,435,105193571520283762,OPL All-Stars,OPLO,opl-all-stars
2023-10-21 19:01:28.175 -0600,2023-10-21 19:01:28.175 -0600,436,105553606349477427,Zero Tenacity,Z10,zero-tenacity
2023-10-21 19:01:28.176 -0600,2023-10-21 19:01:28.176 -0600,437,105549997263803379,LOUD Academy,LLL,loud-academy
2023-10-21 19:01:28.176 -0600,2023-10-21 19:01:28.176 -0600,438,108361563004344389,The Last Dance,LAST,the-last-dance
2023-10-21 19:01:28.177 -0600,2023-10-21 19:01:28.177 -0600,439,108121051709036068,Polar Squad,PLS,polar-squad
2023-10-21 19:01:28.177 -0600,2023-10-21 19:01:28.177 -0600,440,107580506699777259,ISU Redbirds,ISU,redbird-esports
2023-10-21 19:01:28.178 -0600,2023-10-21 19:01:28.178 -0600,441,105397399468432537,Miners,NMG,netshoes-miners
2023-10-21 19:01:28.179 -0600,2023-10-21 19:01:28.179 -0600,442,107580483738977500,Winthrop University,WU,winthrop-university
2023-10-21 19:01:28.179 -0600,2023-10-21 19:01:28.179 -0600,443,105537947396116202,NASR ESPORTS Akademi,NSR,nasr-esports-akademi
2023-10-21 19:01:28.180 -0600,2023-10-21 19:01:28.180 -0600,444,101383793195758800,Redemption Porto Alegre,RDP,redemption-esports
2023-10-21 19:01:28.180 -0600,2023-10-21 19:01:28.180 -0600,445,106806779752531762,Globant Emerald Team,GET,globant-emerald-team
2023-10-21 19:01:28.181 -0600,2023-10-21 19:01:28.181 -0600,446,99566404854685458,TOP ESPORTS,TES,top-esports
2023-10-21 19:01:28.182 -0600,2023-10-21 19:01:28.182 -0600,447,101383793574360315,KOI,KOI,rogue
2023-10-21 19:01:28.182 -0600,2023-10-21 19:01:28.182 -0600,448,105520824521753126,PSV Esports,PSV,psv-esports
2023-10-21 19:01:28.183 -0600,2023-10-21 19:01:28.183 -0600,449,107582591908138922,Cienciano,CCC,cienciano
2023-10-21 19:01:28.183 -0600,2023-10-21 19:01:28.183 -0600,450,107423109717243380,Bifrost,BFR,bifrost
2023-10-21 19:01:28.184 -0600,2023-10-21 19:01:28.184 -0600,451,103877675241047720,LDLC OL,LDLC,ldlc-ol
2023-10-21 19:01:28.185 -0600,2023-10-21 19:01:28.185 -0600,452,105193554293818475,LJL All-Stars,LJL,ljlallstars
2023-10-21 19:01:28.185 -0600,2023-10-21 19:01:28.185 -0600,453,101157821456258207,Tandem Mode A,TMA,tandem-mode-a
2023-10-21 19:01:28.186 -0600,2023-10-21 19:01:28.186 -0600,454,99566406332122275,Avant Gaming,AV,avant-garde
2023-10-21 19:01:28.186 -0600,2023-10-21 19:01:28.186 -0600,455,104234362586443283,German Pingus,PNGU,team-frenzy
2023-10-21 19:01:28.187 -0600,2023-10-21 19:01:28.187 -0600,456,107565448721890834,Domino Esports,DMN,domino-esports
2023-10-21 19:01:28.187 -0600,2023-10-21 19:01:28.187 -0600,457,106827765448944398,DFM Academy,DFM,dfm-academy
2023-10-21 19:01:28.188 -0600,2023-10-21 19:01:28.188 -0600,458,107582181197106556,Skull Cracker Clan,SKC,skull-cracker-clan
2023-10-21 19:01:28.189 -0600,2023-10-21 19:01:28.189 -0600,459,101157821458027681,Tandem Mode B,TMB,tandem-mode-b
2023-10-21 19:01:28.189 -0600,2023-10-21 19:01:28.189 -0600,460,105520822049210915,mCon esports,MCON,mcon-lg-ultragear
2023-10-21 19:01:28.190 -0600,2023-10-21 19:01:28.190 -0600,461,99566406064558732,Papara SuperMassive ,SUP,papara-supermassive-blaze
2023-10-21 19:01:28.190 -0600,2023-10-21 19:01:28.190 -0600,462,105550042327365041,Gen.G Global Academy,GEN,gen-challengers
2023-10-21 19:01:28.191 -0600,2023-10-21 19:01:28.191 -0600,463,99566408222831088,Liberty,LBR,liberty
2023-10-21 19:01:28.192 -0600,2023-10-21 19:01:28.192 -0600,464,109699042809864069,Vipers,VIPS,vipers
2023-10-21 19:01:28.192 -0600,2023-10-21 19:01:28.192 -0600,465,107468079354897663,Team Oplon,OPL,team-oplon
2023-10-21 19:01:28.193 -0600,2023-10-21 19:01:28.193 -0600,466,107128093558481418,ZennIT,ZNT,zennit-gaming
2023-10-21 19:01:28.193 -0600,2023-10-21 19:01:28.193 -0600,467,103240746418846327,Team Assassin A,TAA,team-assassin-a
2023-10-21 19:01:28.194 -0600,2023-10-21 19:01:28.194 -0600,468,107565477822627354,Verdant,VER,verdant
2023-10-21 19:01:28.194 -0600,2023-10-21 19:01:28.194 -0600,469,110534749775658790,The Cheese Chasers,NPC,the-cheese-chasers
2023-10-21 19:01:28.195 -0600,2023-10-21 19:01:28.195 -0600,470,107563714667537640,Team BDS,BDS,team-bds
2023-10-21 19:01:28.196 -0600,2023-10-21 19:01:28.196 -0600,471,106269804045322803,Beyond Gaming,BYG,mega-bank-beyond-gaming
2023-10-21 19:01:28.196 -0600,2023-10-21 19:01:28.196 -0600,472,98926509885559666,Team Liquid Honda,TL,team-liquid
2023-10-21 19:01:28.197 -0600,2023-10-21 19:01:28.197 -0600,473,99566405130451785,Cloud9 Challengers,C9,c9-academy
2023-10-21 19:01:28.197 -0600,2023-10-21 19:01:28.197 -0600,474,107581759470356115,Saprissa Esports,SAP,saprissa-esports
2023-10-21 19:01:28.198 -0600,2023-10-21 19:01:28.198 -0600,475,106222632206917342,Resolve,RSV,resolve
2023-10-21 19:01:28.199 -0600,2023-10-21 19:01:28.199 -0600,476,108159968741268165,Converse University,CVU,converse-university
2023-10-21 19:01:28.199 -0600,2023-10-21 19:01:28.199 -0600,477,105536980594429116,Romulea eSport,RML,romulea-esport
2023-10-21 19:01:28.200 -0600,2023-10-21 19:01:28.200 -0600,478,101909007472450882,ES Sharks,ESS,es-sharks
2023-10-21 19:01:28.200 -0600,2023-10-21 19:01:28.200 -0600,479,110424394375218208,A One Man Army,AOMA,a-one-man-army
2023-10-21 19:01:28.201 -0600,2023-10-21 19:01:28.201 -0600,480,105548019132871601,Medieval Riga,MDVL,medieval-riga
2023-10-21 19:01:28.201 -0600,2023-10-21 19:01:28.201 -0600,481,105519562229907355,Barrage Esports,BRG,barrage-esports
2023-10-21 19:01:28.202 -0600,2023-10-21 19:01:28.202 -0600,482,101909007470353718,VSG,VSG,vsg
2023-10-21 19:01:28.203 -0600,2023-10-21 19:01:28.203 -0600,483,105301786369976273,LEC Legends,LECL,leclegends
2023-10-21 19:01:28.203 -0600,2023-10-21 19:01:28.203 -0600,484,99566405125435312,OpTic Gaming Academy,OPTA,optic-gaming-academy
2023-10-21 19:01:28.204 -0600,2023-10-21 19:01:28.204 -0600,485,107580499570181349,Wildcard Aces,WCA,wildcard-aces
2023-10-21 19:01:28.204 -0600,2023-10-21 19:01:28.204 -0600,486,107599061926073885,Newstar,N5R,newstar
2023-10-21 19:01:28.205 -0600,2023-10-21 19:01:28.205 -0600,487,104202382255290736,RENSGA,RNS,rensga
2023-10-21 19:01:28.206 -0600,2023-10-21 19:01:28.206 -0600,488,105537408539332006,eMonkeyz SDH,EMZ,emonkeyz-sdh
2023-10-21 19:01:28.206 -0600,2023-10-21 19:01:28.206 -0600,489,105521239281281237,CowBoySquad Imperials Esports,CBI,cowboysquad-imperials-esports
2023-10-21 19:01:28.207 -0600,2023-10-21 19:01:28.207 -0600,490,108361575122450254,Team Fish Taco,TACO,team-fish-taco
2023-10-21 19:01:28.207 -0600,2023-10-21 19:01:28.207 -0600,491,109692071893352727,Hell Pigs,HPS,hell-pigs
2023-10-21 19:01:28.208 -0600,2023-10-21 19:01:28.208 -0600,492,105550049871017396,kt Challengers,KT,kt-challengers
2023-10-21 19:01:28.209 -0600,2023-10-21 19:01:28.209 -0600,493,106972778172351142,NRG,NRG,nrg-esports
2023-10-21 19:01:28.209 -0600,2023-10-21 19:01:28.209 -0600,494,102787200149928963,WLGaming Esports,WLG,we-love-gaming
2023-10-21 19:01:28.210 -0600,2023-10-21 19:01:28.210 -0600,495,108361537886099513,"300","300","300"
2023-10-21 19:01:28.210 -0600,2023-10-21 19:01:28.210 -0600,496,105301791701328923,LEC Queue Kings,LECQ,lecqueuekings
2023-10-21 19:01:28.211 -0600,2023-10-21 19:01:28.211 -0600,497,107599485973747723,Grypciocraft Esports,GRP,grypciocraft-esports
2023-10-21 19:01:28.211 -0600,2023-10-21 19:01:28.211 -0600,498,103877589042434434,GamerLegion,GL,gamerlegion
2023-10-21 19:01:28.212 -0600,2023-10-21 19:01:28.212 -0600,499,105957603362200620,Dignitas Mirage,DIGM,dignitas-mirage
2023-10-21 19:01:28.213 -0600,2023-10-21 19:01:28.213 -0600,500,107564135791716115,Guasones,GSNS,guasones
2023-10-21 19:01:28.213 -0600,2023-10-21 19:01:28.213 -0600,501,104710373370426042,CR4ZY,C4,cr4zy
2023-10-21 19:01:28.214 -0600,2023-10-21 19:01:28.214 -0600,502,105593129376630217,Vikingekrig Esports,VIK,vikingekrig-esports
2023-10-21 19:01:28.214 -0600,2023-10-21 19:01:28.214 -0600,503,105594176887807460,EFIVE Esports,E5,efive-esports
2023-10-21 19:01:28.215 -0600,2023-10-21 19:01:28.215 -0600,504,108403526900459473,UniQ Esports,UNIQ,uniq
2023-10-21 19:01:28.216 -0600,2023-10-21 19:01:28.216 -0600,505,105521201981545679,The Spawn Esports,SPN,the-spawn-esports
2023-10-21 19:01:28.216 -0600,2023-10-21 19:01:28.216 -0600,506,101157821461435557,Tandem Mode D,TMD,tandem-mode-d
2023-10-21 19:01:28.217 -0600,2023-10-21 19:01:28.217 -0600,507,105532791598779236,UCAM,UCAM,ucam-esports-club
2023-10-21 19:01:28.217 -0600,2023-10-21 19:01:28.217 -0600,508,101428372598668846,Burning Core,BC,burning-core
2023-10-21 19:01:28.218 -0600,2023-10-21 19:01:28.218 -0600,509,109697686032800938,XtremeDominators,XD,xtremedominators
2023-10-21 19:01:28.219 -0600,2023-10-21 19:01:28.219 -0600,510,107422385694193066,Barça Esports,BAR,barca-esports
2023-10-21 19:01:28.219 -0600,2023-10-21 19:01:28.219 -0600,511,105520713962793016,Granit Gaming,GRNT,granit-gaming
2023-10-21 19:01:28.220 -0600,2023-10-21 19:01:28.220 -0600,512,100783238110621058,Dashing Buffalo,DBL,dashing-buffalo
2023-10-21 19:01:28.220 -0600,2023-10-21 19:01:28.220 -0600,513,101157821434369137,Pabu,OCE2,pabu
2023-10-21 19:01:28.221 -0600,2023-10-21 19:01:28.221 -0600,514,103240746434574995,AHaHaCiK,LCL2,ahahacik
2023-10-21 19:01:28.221 -0600,2023-10-21 19:01:28.221 -0600,515,110534712174898632,Blue Otter,BOL,blue-otter
2023-10-21 19:01:28.222 -0600,2023-10-21 19:01:28.222 -0600,516,106250729133367861,Olympiacos Alimou esports,GOAL,olympiacos-alimou-esports
2023-10-21 19:01:28.223 -0600,2023-10-21 19:01:28.223 -0600,517,109539675734129088,Northern Lions Esports,NLE,northern-lions-esports
2023-10-21 19:01:28.223 -0600,2023-10-21 19:01:28.223 -0600,518,107953988302037900,Maryville Saints,MU,maryville-saints
2023-10-21 19:01:28.224 -0600,2023-10-21 19:01:28.224 -0600,519,105519746234964687,Dusty,DY,dusty
2023-10-21 19:01:28.224 -0600,2023-10-21 19:01:28.224 -0600,520,107700204561086446,Deep Cross Gaming,DCG,deep-cross-gaming
2023-10-21 19:01:28.225 -0600,2023-10-21 19:01:28.225 -0600,521,109696047948627764,GNG Esports,GNG,gng-esports
2023-10-21 19:01:28.226 -0600,2023-10-21 19:01:28.226 -0600,522,107580444745581889,Immortals AOE,IMA,immortals-aoe
2023-10-21 19:01:28.226 -0600,2023-10-21 19:01:28.226 -0600,523,99566405127798575,TSM Challengers,TSM,tsm-academy
2023-10-21 19:01:28.227 -0600,2023-10-21 19:01:28.227 -0600,524,98767991959203254,Team oNe e-Sports,ONEE,team-one-e-sports
2023-10-21 19:01:28.227 -0600,2023-10-21 19:01:28.227 -0600,525,105550024238752685,KDF Challengers,KDF,kwangdong-freecs-challengers
2023-10-21 19:01:28.228 -0600,2023-10-21 19:01:28.228 -0600,526,107581209070519555,Atomic Esports,MC2,atomic-esports
2023-10-21 19:01:28.229 -0600,2023-10-21 19:01:28.229 -0600,527,107599188771591359,Wolf Club Gaming,WCE,wolf-club-gaming
2023-10-21 19:01:28.229 -0600,2023-10-21 19:01:28.229 -0600,528,107456419134134246,Astralis Talent,ASTL,astralis-talent
2023-10-21 19:01:28.230 -0600,2023-10-21 19:01:28.230 -0600,529,103240746393642312,All-Stars Blue,ASB,pro-showdown-a
2023-10-21 19:01:28.230 -0600,2023-10-21 19:01:28.230 -0600,530,99566404852189289,Beijing JDG Intel Esports Club,JDG,jd-gaming
2023-10-21 19:01:28.231 -0600,2023-10-21 19:01:28.231 -0600,531,106827839261303409,CGA  Academy,CGA,cga-academy
2023-10-21 19:01:28.232 -0600,2023-10-21 19:01:28.232 -0600,532,109695924147263860,Triple Esports,TE,triple-esports
2023-10-21 19:01:28.232 -0600,2023-10-21 19:01:28.232 -0600,533,100205576949530558,Bursaspor Esports,BURA,bursaspor-esports
2023-10-21 19:01:28.233 -0600,2023-10-21 19:01:28.233 -0600,534,101157821397865543,Faker,KR1,faker
2023-10-21 19:01:28.233 -0600,2023-10-21 19:01:28.233 -0600,535,106382545123328648,Dynamo Eclot,DNE,dynamo-eclot
2023-10-21 19:01:28.234 -0600,2023-10-21 19:01:28.234 -0600,536,105549991104165282,FURIA Academy,FUR,furia-academy
2023-10-21 19:01:28.234 -0600,2023-10-21 19:01:28.234 -0600,537,107598982142057588,Cruzados Esports,UC,cruzados-esports
2023-10-21 19:01:28.235 -0600,2023-10-21 19:01:28.235 -0600,538,104228817622043824,The French Zoo,FZO,the-french-zoo
2023-10-21 19:01:28.235 -0600,2023-10-21 19:01:28.235 -0600,539,99566404579461230,kt Rolster,KT,kt-rolster
2023-10-21 19:01:28.236 -0600,2023-10-21 19:01:28.236 -0600,540,105550001032913831,RED Academy,RED,red-academy
2023-10-21 19:01:28.236 -0600,2023-10-21 19:01:28.236 -0600,541,98926509887041994,Echo Fox,FOX2,echo-fox
2023-10-21 19:01:28.237 -0600,2023-10-21 19:01:28.237 -0600,542,102747101565183056,NongShim REDFORCE,NS,nongshim-redforce
2023-10-21 19:01:28.238 -0600,2023-10-21 19:01:28.238 -0600,543,105554088239949229,x25 Esports,X25,x25-esports
2023-10-21 19:01:28.238 -0600,2023-10-21 19:01:28.238 -0600,544,103240746396067146,All-Stars Red,ASR,pro-showdown-b
2023-10-21 19:01:28.239 -0600,2023-10-21 19:01:28.239 -0600,545,104212455500985426,LEC Kings,RITO,lec-team
2023-10-21 19:01:28.239 -0600,2023-10-21 19:01:28.239 -0600,546,98767991877340524,Cloud9,C9,cloud9
2023-10-21 19:01:28.240 -0600,2023-10-21 19:01:28.240 -0600,547,103461966981927044,Dignitas Challengers,DIG,dig-academy
2023-10-21 19:01:28.241 -0600,2023-10-21 19:01:28.241 -0600,548,107580481273119961,Taco Gaming,TG,taco-gaming
2023-10-21 19:01:28.241 -0600,2023-10-21 19:01:28.241 -0600,549,102787200132955066,FTW Esports,FTW,for-the-win-esports
2023-10-21 19:01:28.242 -0600,2023-10-21 19:01:28.242 -0600,550,103495716886587312,Beşiktaş,BJK,besiktas
2023-10-21 19:01:28.242 -0600,2023-10-21 19:01:28.242 -0600,551,108361552741927561,Cincinnati Fear,FEAR,cincinnati-fear
2023-10-21 19:01:28.243 -0600,2023-10-21 19:01:28.243 -0600,552,107597866344501908,Auxesis Esports,AUX,auxesis-esports
2023-10-21 19:01:28.243 -0600,2023-10-21 19:01:28.243 -0600,553,105532840001188717,S2V Esports,S2V,s2v-esports
2023-10-21 19:01:28.244 -0600,2023-10-21 19:01:28.244 -0600,554,105549995617170853,KaBuM! Academy,KBM,kabum-academy
2023-10-21 19:01:28.245 -0600,2023-10-21 19:01:28.245 -0600,555,108565997404381643,Tempest Gaming,TPG,tempest-gaming
2023-10-21 19:01:28.245 -0600,2023-10-21 19:01:28.245 -0600,556,107597875833524424,Diamant Esports,DIA,diamant-esports
2023-10-21 19:01:28.246 -0600,2023-10-21 19:01:28.246 -0600,557,107423075317119707,X7,X7,x7
2023-10-21 19:01:28.246 -0600,2023-10-21 19:01:28.246 -0600,558,108203161924300737,DRX Academy,DRX,drx-academy
2023-10-21 19:01:28.247 -0600,2023-10-21 19:01:28.247 -0600,559,102787200134790084,HMA Fnatic Rising,FNCR,hma-fnatic-rising
2023-10-21 19:01:28.248 -0600,2023-10-21 19:01:28.248 -0600,560,105663527959374033,CTRL PLAY Team,CPT,ctrl-play-team
2023-10-21 19:01:28.248 -0600,2023-10-21 19:01:28.248 -0600,561,103240746442308257,Optimus,VCS1,optimus
2023-10-21 19:01:28.249 -0600,2023-10-21 19:01:28.249 -0600,562,110733864366329081,Team E Turner,TET,team-e-turner
2023-10-21 19:01:28.249 -0600,2023-10-21 19:01:28.249 -0600,563,105957640798249312,Barrage.NA,BRG,barragena
2023-10-21 19:01:28.250 -0600,2023-10-21 19:01:28.250 -0600,564,100205573496804586,Hanwha Life Esports,HLE,hanwha-life-esports
2023-10-21 19:01:28.251 -0600,2023-10-21 19:01:28.251 -0600,565,107648168744912288,DREN Esports,DREN,dren-esports
2023-10-21 19:01:28.251 -0600,2023-10-21 19:01:28.251 -0600,566,106827848618374543,BC Academy,BC,bc-academy
2023-10-21 19:01:28.252 -0600,2023-10-21 19:01:28.252 -0600,567,107437032053655867,Kanga Esports,KNG,kanga-esports
2023-10-21 19:01:28.252 -0600,2023-10-21 19:01:28.252 -0600,568,105520788833075738,KV Mechelen Esports,KVM,kv-mechelen-esports
2023-10-21 19:01:28.253 -0600,2023-10-21 19:01:28.253 -0600,569,109699038581250169,Red Eyes Esports,RDY,red-eyes-esports
2023-10-21 19:01:28.253 -0600,2023-10-21 19:01:28.253 -0600,570,105550047979361273,HLE Challengers,HLE,hle-challengers
2023-10-21 19:01:28.254 -0600,2023-10-21 19:01:28.254 -0600,571,105553729458550723,Nexus KTRL,NXK,nexus-ktrl
2023-10-21 19:01:28.255 -0600,2023-10-21 19:01:28.255 -0600,572,102141671187668983,NC State University,NCSU,nc-state-university
2023-10-21 19:01:28.255 -0600,2023-10-21 19:01:28.255 -0600,573,102787200151698443,Vitality.Bee,VITB,vitalitybee
2023-10-21 19:01:28.256 -0600,2023-10-21 19:01:28.256 -0600,574,110428362822825796,Disguised,DSG,disguised
2023-10-21 19:01:28.256 -0600,2023-10-21 19:01:28.256 -0600,575,107580455322240324,No Team,NOT,no-team
2023-10-21 19:01:28.257 -0600,2023-10-21 19:01:28.257 -0600,576,108160026618060825,UCI Esports,UCI,uci-esports
2023-10-21 19:01:28.258 -0600,2023-10-21 19:01:28.258 -0600,577,103240746417732213,Team Urf D,UFD,team-urf-d
2023-10-21 19:01:28.258 -0600,2023-10-21 19:01:28.258 -0600,578,109671193729027761,FLY FAM,FLYF,fly-fam
2023-10-21 19:01:28.259 -0600,2023-10-21 19:01:28.259 -0600,579,108159917648031455,UST Esports,USTE,ust-esports
2023-10-21 19:01:28.259 -0600,2023-10-21 19:01:28.259 -0600,580,106827815539026710,RJ Academy,RJ,rj-academy
2023-10-21 19:01:28.260 -0600,2023-10-21 19:01:28.260 -0600,581,109539873500788632,EXEED,EXD,exeed
2023-10-21 19:01:28.260 -0600,2023-10-21 19:01:28.260 -0600,582,107597858964689090,SOVEJA,SVJ,soveja
2023-10-21 19:01:28.261 -0600,2023-10-21 19:01:28.261 -0600,583,101978171843206569,Vega Squadron,VEG,vega-squadron
2023-10-21 19:01:28.262 -0600,2023-10-21 19:01:28.262 -0600,584,99566408220213759,CNB e-Sports Club,CNB,cnb-e-sports-club
2023-10-21 19:01:28.262 -0600,2023-10-21 19:01:28.262 -0600,585,99566404585387054,DRX,DRX,drx
2023-10-21 19:01:28.263 -0600,2023-10-21 19:01:28.263 -0600,586,107582641798795198,Spectacled Bears,SB,spectacled-bears
2023-10-21 19:01:28.263 -0600,2023-10-21 19:01:28.263 -0600,587,106827832203113865,SHG Academy,SHG,shg-academy
2023-10-21 19:01:28.264 -0600,2023-10-21 19:01:28.264 -0600,588,98926509884398584,CLG,CLG,clg
2023-10-21 19:01:28.264 -0600,2023-10-21 19:01:28.264 -0600,589,107598651997213225,"9z Gaming","9Z","9z-gaming"
2023-10-21 19:01:28.265 -0600,2023-10-21 19:01:28.265 -0600,590,99566406069969565,Info Yatırım Aurora,AUR,info-yatrm-aurora
2023-10-21 19:01:28.266 -0600,2023-10-21 19:01:28.266 -0600,591,99566406070802758,Royal Youth,RYL,royal-bandits-e-sports
2023-10-21 19:01:28.266 -0600,2023-10-21 19:01:28.266 -0600,592,102235771678061291,DenizBank İstanbul Wildcats,IW,fastpay-wildcats
2023-10-21 19:01:28.267 -0600,2023-10-21 19:01:28.267 -0600,593,107251231972989211,SBTC ESPORTS,SE,sbtc-esports
2023-10-21 19:01:28.267 -0600,2023-10-21 19:01:28.267 -0600,594,98767991921462763,Dire Wolves,DW,dire-wolves
2023-10-21 19:01:28.268 -0600,2023-10-21 19:01:28.268 -0600,595,105536773074826367,GGEsports,GGE,ggesports
2023-10-21 19:01:28.269 -0600,2023-10-21 19:01:28.269 -0600,596,108566004579728490,LARGE,LRG,large
2023-10-21 19:01:28.269 -0600,2023-10-21 19:01:28.269 -0600,597,102141671182557163,Redbird Esports,UI,redbird-esports
2023-10-21 19:01:28.270 -0600,2023-10-21 19:01:28.270 -0600,598,101157821427356777,Seiya,LLA2,seiya
2023-10-21 19:01:28.270 -0600,2023-10-21 19:01:28.270 -0600,599,109695910533747910,RAAD,RAAD,raad
2023-10-21 19:01:28.271 -0600,2023-10-21 19:01:28.271 -0600,600,109675490370327425,Ground Zero,GZ,ground-zero
2023-10-21 19:01:28.271 -0600,2023-10-21 19:01:28.271 -0600,601,104710359142494900,Samsung Morning Stars,SMS,samsung-morning-stars
2023-10-21 19:01:28.272 -0600,2023-10-21 19:01:28.272 -0600,602,104367072827489994,Berjaya Dragons,BJD,berjaya-dragons
2023-10-21 19:01:28.273 -0600,2023-10-21 19:01:28.273 -0600,603,99566406495581481,G-Rex,GRX,g-rex
2023-10-21 19:01:28.273 -0600,2023-10-21 19:01:28.273 -0600,604,102787200143309800,eNsure,EN,ensure
2023-10-21 19:01:28.274 -0600,2023-10-21 19:01:28.274 -0600,605,98767991902391669,Flash Wolves,FWS,flash-wolves
2023-10-21 19:01:28.274 -0600,2023-10-21 19:01:28.274 -0600,606,110733877357854829,Gentle Hearts Gaming,GHG,gentle-hearts-gaming
2023-10-21 19:01:28.275 -0600,2023-10-21 19:01:28.275 -0600,607,105550051809743868,Liiv SANDBOX Youth,LSB,lsb-challengers
2023-10-21 19:01:28.275 -0600,2023-10-21 19:01:28.275 -0600,608,103240746419960441,Team Assassin B,TAB,team-assassin-b
2023-10-21 19:01:28.276 -0600,2023-10-21 19:01:28.276 -0600,609,102141671185047537,UCI Esports,UCI,uci-esports
2023-10-21 19:01:28.277 -0600,2023-10-21 19:01:28.277 -0600,610,98767991935149427,Movistar R7,R7,rainbow7
2023-10-21 19:01:28.277 -0600,2023-10-21 19:01:28.277 -0600,611,109697689430777005,Ankora Gaming,ANK,ankora-gaming
2023-10-21 19:01:28.278 -0600,2023-10-21 19:01:28.278 -0600,612,102787200120306562,Mousesports,MOUZ,mousesports
2023-10-21 19:01:28.278 -0600,2023-10-21 19:01:28.278 -0600,613,109783170393931575,Conviction,CNV,conviction
2023-10-21 19:01:28.279 -0600,2023-10-21 19:01:28.279 -0600,614,106269818143576465,BOOM Esports,BME,boom-esports
2023-10-21 19:01:28.280 -0600,2023-10-21 19:01:28.280 -0600,615,104367099322647716,Liyab Esports,LYB,liyab-esports
2023-10-21 19:01:28.280 -0600,2023-10-21 19:01:28.280 -0600,616,103877951616192529,Cyber Gaming,CG,cyber-gaming
2023-10-21 19:01:28.281 -0600,2023-10-21 19:01:28.281 -0600,617,101157821430895725,Evi,JP1,evi
2023-10-21 19:01:28.281 -0600,2023-10-21 19:01:28.281 -0600,618,104234144258996303,POLSKA GUROM,POL,polska-gurom
2023-10-21 19:01:28.282 -0600,2023-10-21 19:01:28.282 -0600,619,109800832177252614,Orbit Anonymo,OAE,szaty-bobra
2023-10-21 19:01:28.282 -0600,2023-10-21 19:01:28.282 -0600,620,107635420167535818,SEM9,S9,sem9
2023-10-21 19:01:28.283 -0600,2023-10-21 19:01:28.283 -0600,621,107582184905264520,Waia Snikt,WS,waia-snikt
2023-10-21 19:01:28.284 -0600,2023-10-21 19:01:28.284 -0600,622,110534751905120040,Young Buffalos,YB,young-buffalos
2023-10-21 19:01:28.284 -0600,2023-10-21 19:01:28.284 -0600,623,107456355516438414,Eintracht Frankfurt,SGE,eintracht-frankfurt
2023-10-21 19:01:28.285 -0600,2023-10-21 19:01:28.285 -0600,624,104710678170825211,SINNERS Esports,SIN,sinners-esports
2023-10-21 19:01:28.285 -0600,2023-10-21 19:01:28.285 -0600,625,108361545122797332,AOE Ginger Turmeric,AGT,aoe-ginger-turmeric
2023-10-21 19:01:28.286 -0600,2023-10-21 19:01:28.286 -0600,626,107599156601411192,Movistar Optix,MOX,movistar-optix
2023-10-21 19:01:28.287 -0600,2023-10-21 19:01:28.287 -0600,627,98767991897792379,Hong Kong Attitude,HKA,hong-kong-attitude
2023-10-21 19:01:28.287 -0600,2023-10-21 19:01:28.287 -0600,628,105503778424809514,EURONICS Gaming,ESG,euronics-gaming
2023-10-21 19:01:28.288 -0600,2023-10-21 19:01:28.288 -0600,629,107251307514079872,LXE ESPORTS,LX,lxe-esports
2023-10-21 19:01:28.288 -0600,2023-10-21 19:01:28.288 -0600,630,103240746429004425,Jankos,EU2,jankos
2023-10-21 19:01:28.289 -0600,2023-10-21 19:01:28.289 -0600,631,101978171845303729,MEGA Esports,MG,mega-esports
2023-10-21 19:01:28.289 -0600,2023-10-21 19:01:28.289 -0600,632,108131965235538611,Antares Esports,ANT,antares-esports
2023-10-21 19:01:28.290 -0600,2023-10-21 19:01:28.290 -0600,633,99322214684939974,Unicorns of Love,UOL,unicorns-of-love
2023-10-21 19:01:28.291 -0600,2023-10-21 19:01:28.291 -0600,634,103535282158162659,DenizBank İstanbul Wildcats Akademi,IW,fastpay-wildcats-akademi
2023-10-21 19:01:28.291 -0600,2023-10-21 19:01:28.291 -0600,635,105521504308341229,Team Refuse,RFS,team-refuse
2023-10-21 19:01:28.292 -0600,2023-10-21 19:01:28.292 -0600,636,103535282148790975,GALAKTICOS Akademi,GAL,galakticos-akademi
2023-10-21 19:01:28.292 -0600,2023-10-21 19:01:28.292 -0600,637,105549993449477104,INTZ Academy,ITZ,intz-academy
2023-10-21 19:01:28.293 -0600,2023-10-21 19:01:28.293 -0600,638,107598712583969458,EBRO,EBG,ebro-gaming
2023-10-21 19:01:28.294 -0600,2023-10-21 19:01:28.294 -0600,639,105521402545275594,Gentlemen's Gaming,GGM,gentlemens-gaming
2023-10-21 19:01:28.294 -0600,2023-10-21 19:01:28.294 -0600,640,107258254469504696,Team Flash,TF,team-flash
2023-10-21 19:01:28.295 -0600,2023-10-21 19:01:28.295 -0600,641,103535282113853330,"5 Ronin Akademi","5R","5-ronin-akademi"
2023-10-21 19:01:28.295 -0600,2023-10-21 19:01:28.295 -0600,642,105520819263036609,The Agency,AGC,echo-zulu
2023-10-21 19:01:28.296 -0600,2023-10-21 19:01:28.296 -0600,643,99566408562477641,INFINITY,INF,infinity
2023-10-21 19:01:28.296 -0600,2023-10-21 19:01:28.296 -0600,644,108361570687544399,Jake's Kittens,JK,jakes-kittens
2023-10-21 19:01:28.297 -0600,2023-10-21 19:01:28.297 -0600,645,109669678317817381,FUT ESPORTS,FUT,fut-team
2023-10-21 19:01:28.298 -0600,2023-10-21 19:01:28.298 -0600,646,99566404578577099,Jin Air Green Wings,JAG,jin-air-green-wings
2023-10-21 19:01:28.298 -0600,2023-10-21 19:01:28.298 -0600,647,107456284318482723,Mirage-Elyandra,ME,mirage-elyandra
2023-10-21 19:01:28.299 -0600,2023-10-21 19:01:28.299 -0600,648,107582615829368757,Fantasy Gaming,FSY,fantasy-gaming
2023-10-21 19:01:28.299 -0600,2023-10-21 19:01:28.299 -0600,649,103743162394217975,Santos HotForex,SAN,santos-hotforex
2023-10-21 19:01:28.300 -0600,2023-10-21 19:01:28.300 -0600,650,99566405123587075,CLG Challengers,CLG,clg-academy
2023-10-21 19:01:28.301 -0600,2023-10-21 19:01:28.301 -0600,651,107603600826620492,Zeus Kralik,Z5K,zeu5-bogota
2023-10-21 19:01:28.301 -0600,2023-10-21 19:01:28.301 -0600,652,103935530333072898,AGO Rogue,RGO,ago-rogue
2023-10-21 19:01:28.302 -0600,2023-10-21 19:01:28.302 -0600,653,102787200141016030,Rogue Esports Club,REC1,rogue-esports-club
2023-10-21 19:01:28.302 -0600,2023-10-21 19:01:28.302 -0600,654,99124844356912967,LPL All-Stars,LPL,lpl-allstars
2023-10-21 19:01:28.303 -0600,2023-10-21 19:01:28.303 -0600,655,105351724613755142,LPL Queue Kings,LPLQ,lpl-queue-kings
2023-10-21 19:01:28.304 -0600,2023-10-21 19:01:28.304 -0600,656,99566408356697119,Furious Gaming,FG,furious-gaming
2023-10-21 19:01:28.304 -0600,2023-10-21 19:01:28.304 -0600,657,99871276356460471,Griffin,GFF,griffin
2023-10-21 19:01:28.305 -0600,2023-10-21 19:01:28.305 -0600,658,105357803054359120,Bwipo Dream Team,BWI,bwipo-dream-team
2023-10-21 19:01:28.305 -0600,2023-10-21 19:01:28.305 -0600,659,105594163014588871,Boavista F.C,BFC,boavista-fc
2023-10-21 19:01:28.306 -0600,2023-10-21 19:01:28.306 -0600,660,107581296208168309,Tomorrow Esports,TMR,tomorrow-esports
2023-10-21 19:01:28.307 -0600,2023-10-21 19:01:28.307 -0600,661,108361565719424734,DK Crew,DKC,dk-crew
2023-10-21 19:01:28.307 -0600,2023-10-21 19:01:28.307 -0600,662,105521293297166647,Hell Zerolag Esports,HELL,zerolag-esports
2023-10-21 19:01:28.308 -0600,2023-10-21 19:01:28.308 -0600,663,101383793572656373,EXCEL,XL,excel
2023-10-21 19:01:28.308 -0600,2023-10-21 19:01:28.308 -0600,664,109698757443650056,Mad Kings,MKE,mad-kings
2023-10-21 19:01:28.309 -0600,2023-10-21 19:01:28.309 -0600,665,98767991846127102,ahq eSports Club,AHQ,ahq-esports-club
2023-10-21 19:01:28.310 -0600,2023-10-21 19:01:28.310 -0600,666,105301877841257613,VCS All Stars,VCS,vcs-all-stars
2023-10-21 19:01:28.310 -0600,2023-10-21 19:01:28.310 -0600,667,108361578564310810,Team Pending,TBA,team-pending
2023-10-21 19:01:28.311 -0600,2023-10-21 19:01:28.311 -0600,668,105594101461473671,Karma Clan Esports,KRM,karma-clan-esports
2023-10-21 19:01:28.311 -0600,2023-10-21 19:01:28.311 -0600,669,105550033967461806,DRX Challengers,DRX,drx-challengers
2023-10-21 19:01:28.312 -0600,2023-10-21 19:01:28.312 -0600,670,99294153824386385,Golden Guardians,GG,golden-guardians
2023-10-21 19:01:28.312 -0600,2023-10-21 19:01:28.312 -0600,671,105593278887024877,Inaequalis,INAE,inaequalis
2023-10-21 19:01:28.313 -0600,2023-10-21 19:01:28.313 -0600,672,105559480124455983,SK Gaming Prime,SKP,sk-gaming-prime
2023-10-21 19:01:28.314 -0600,2023-10-21 19:01:28.314 -0600,673,103240746425727619,Levi,VCS2,levi
