"created_date","modified_date","stage_pk","stage_name","stage_type","stage_slug","tournament_id"
2023-10-21 23:30:37.397 -0600,2023-10-21 23:30:37.397 -0600,2,2,1,4,1
2023-10-21 23:32:15.938 -0600,2023-10-21 23:32:15.938 -0600,3,2,1,4,1
2023-10-21 23:33:18.181 -0600,2023-10-21 23:33:18.181 -0600,4,2,1,4,1
2023-10-21 23:35:12.348 -0600,2023-10-21 23:35:12.348 -0600,5,2,1,4,1
2023-10-21 23:35:34.924 -0600,2023-10-21 23:35:34.924 -0600,6,2,1,4,1
2023-10-21 23:37:00.560 -0600,2023-10-21 23:37:00.560 -0600,7,2,1,4,1
2023-10-21 23:37:00.984 -0600,2023-10-21 23:37:00.984 -0600,8,16,1,16,1
2023-10-21 23:37:01.101 -0600,2023-10-21 23:37:01.101 -0600,9,9,1,11,2
2023-10-21 23:37:02.164 -0600,2023-10-21 23:37:02.164 -0600,10,11,1,9,2
2023-10-21 23:37:02.231 -0600,2023-10-21 23:37:02.231 -0600,11,9,1,11,3
2023-10-21 23:37:03.151 -0600,2023-10-21 23:37:03.151 -0600,12,11,1,9,3
2023-10-21 23:37:03.230 -0600,2023-10-21 23:37:03.230 -0600,13,9,1,11,4
2023-10-21 23:37:04.582 -0600,2023-10-21 23:37:04.582 -0600,6,11,1,9,4
2023-10-21 23:37:04.686 -0600,2023-10-21 23:37:04.686 -0600,15,9,1,11,5
2023-10-21 23:37:06.118 -0600,2023-10-21 23:37:06.118 -0600,16,11,1,9,5
2023-10-21 23:37:06.227 -0600,2023-10-21 23:37:06.227 -0600,17,8,1,14,6
2023-10-21 23:37:06.261 -0600,2023-10-21 23:37:06.261 -0600,18,9,1,11,7
2023-10-21 23:37:06.958 -0600,2023-10-21 23:37:06.958 -0600,19,11,1,9,7
2023-10-21 23:37:07.031 -0600,2023-10-21 23:37:07.031 -0600,20,9,1,11,8
2023-10-21 23:37:07.919 -0600,2023-10-21 23:37:07.919 -0600,21,11,1,9,8
2023-10-21 23:37:07.956 -0600,2023-10-21 23:37:07.956 -0600,22,9,1,11,9
2023-10-21 23:37:09.146 -0600,2023-10-21 23:37:09.146 -0600,23,11,1,9,9
2023-10-21 23:37:09.191 -0600,2023-10-21 23:37:09.191 -0600,24,9,1,11,10
2023-10-21 23:37:09.901 -0600,2023-10-21 23:37:09.901 -0600,25,11,1,9,10
2023-10-21 23:37:09.961 -0600,2023-10-21 23:37:09.961 -0600,26,9,1,11,11
2023-10-21 23:37:10.947 -0600,2023-10-21 23:37:10.947 -0600,27,11,1,9,11
2023-10-21 23:37:11.001 -0600,2023-10-21 23:37:11.001 -0600,28,9,1,11,12
2023-10-21 23:37:12.592 -0600,2023-10-21 23:37:12.592 -0600,29,11,1,9,12
2023-10-21 23:37:12.734 -0600,2023-10-21 23:37:12.734 -0600,30,9,1,11,13
2023-10-21 23:37:13.604 -0600,2023-10-21 23:37:13.604 -0600,31,11,1,9,13
2023-10-21 23:37:13.678 -0600,2023-10-21 23:37:13.678 -0600,32,9,1,11,6
2023-10-21 23:37:15.728 -0600,2023-10-21 23:37:15.728 -0600,33,11,1,9,6
2023-10-21 23:37:15.948 -0600,2023-10-21 23:37:15.948 -0600,34,9,1,11,15
2023-10-21 23:37:16.753 -0600,2023-10-21 23:37:16.753 -0600,35,11,1,9,15
2023-10-21 23:37:16.799 -0600,2023-10-21 23:37:16.799 -0600,36,9,1,11,16
2023-10-21 23:37:20.855 -0600,2023-10-21 23:37:20.855 -0600,37,11,1,9,16
2023-10-21 23:37:20.978 -0600,2023-10-21 23:37:20.978 -0600,38,9,1,11,17
2023-10-21 23:37:21.835 -0600,2023-10-21 23:37:21.835 -0600,39,11,1,9,17
2023-10-21 23:37:21.958 -0600,2023-10-21 23:37:21.958 -0600,40,9,1,11,18
2023-10-21 23:37:23.733 -0600,2023-10-21 23:37:23.733 -0600,41,11,1,9,18
2023-10-21 23:37:23.803 -0600,2023-10-21 23:37:23.803 -0600,42,7,1,5,19
2023-10-21 23:37:24.132 -0600,2023-10-21 23:37:24.132 -0600,43,3,1,2,19
2023-10-21 23:37:24.855 -0600,2023-10-21 23:37:24.855 -0600,44,11,1,9,19
2023-10-21 23:37:24.910 -0600,2023-10-21 23:37:24.910 -0600,45,9,1,11,20
2023-10-21 23:37:25.529 -0600,2023-10-21 23:37:25.529 -0600,46,11,1,9,20
2023-10-21 23:37:25.602 -0600,2023-10-21 23:37:25.602 -0600,47,9,1,11,21
2023-10-21 23:37:26.796 -0600,2023-10-21 23:37:26.796 -0600,48,11,1,9,21
2023-10-21 23:37:26.847 -0600,2023-10-21 23:37:26.847 -0600,49,9,1,11,22
2023-10-21 23:37:28.069 -0600,2023-10-21 23:37:28.069 -0600,50,11,1,9,22
2023-10-21 23:37:28.229 -0600,2023-10-21 23:37:28.229 -0600,51,9,1,11,23
2023-10-21 23:37:29.134 -0600,2023-10-21 23:37:29.134 -0600,52,11,1,9,23
2023-10-21 23:37:29.230 -0600,2023-10-21 23:37:29.230 -0600,53,9,1,11,24
2023-10-21 23:37:30.028 -0600,2023-10-21 23:37:30.028 -0600,54,11,1,9,24
2023-10-21 23:37:30.163 -0600,2023-10-21 23:37:30.163 -0600,55,9,1,11,25
2023-10-21 23:37:31.003 -0600,2023-10-21 23:37:31.003 -0600,56,11,1,9,25
2023-10-21 23:37:31.079 -0600,2023-10-21 23:37:31.079 -0600,57,9,1,11,26
2023-10-21 23:37:31.901 -0600,2023-10-21 23:37:31.901 -0600,58,11,1,9,26
2023-10-21 23:37:32.013 -0600,2023-10-21 23:37:32.013 -0600,59,9,1,11,27
2023-10-21 23:37:32.687 -0600,2023-10-21 23:37:32.687 -0600,60,11,1,9,27
2023-10-21 23:37:32.755 -0600,2023-10-21 23:37:32.755 -0600,61,9,1,11,28
2023-10-21 23:37:34.598 -0600,2023-10-21 23:37:34.598 -0600,62,11,1,9,28
2023-10-21 23:37:34.697 -0600,2023-10-21 23:37:34.697 -0600,63,9,1,11,29
2023-10-21 23:37:36.942 -0600,2023-10-21 23:37:36.942 -0600,64,11,1,9,29
2023-10-21 23:37:37.063 -0600,2023-10-21 23:37:37.063 -0600,65,7,1,5,30
2023-10-21 23:37:37.557 -0600,2023-10-21 23:37:37.557 -0600,66,3,1,2,30
2023-10-21 23:37:37.972 -0600,2023-10-21 23:37:37.972 -0600,67,16,1,16,30
2023-10-21 23:37:38.020 -0600,2023-10-21 23:37:38.020 -0600,68,9,1,11,31
2023-10-21 23:37:41.569 -0600,2023-10-21 23:37:41.569 -0600,69,11,1,9,31
2023-10-21 23:37:41.752 -0600,2023-10-21 23:37:41.752 -0600,70,9,1,11,32
2023-10-21 23:37:42.455 -0600,2023-10-21 23:37:42.455 -0600,71,11,1,9,32
2023-10-21 23:37:42.550 -0600,2023-10-21 23:37:42.550 -0600,72,9,1,11,33
2023-10-21 23:37:44.650 -0600,2023-10-21 23:37:44.650 -0600,73,11,1,9,33
2023-10-21 23:37:44.757 -0600,2023-10-21 23:37:44.757 -0600,74,2,1,4,34
2023-10-21 23:37:44.998 -0600,2023-10-21 23:37:44.998 -0600,75,16,1,6,34
2023-10-21 23:37:45.028 -0600,2023-10-21 23:37:45.028 -0600,76,9,1,11,35
2023-10-21 23:37:46.845 -0600,2023-10-21 23:37:46.845 -0600,77,11,1,9,35
2023-10-21 23:37:46.901 -0600,2023-10-21 23:37:46.901 -0600,78,9,1,11,36
2023-10-21 23:37:48.857 -0600,2023-10-21 23:37:48.857 -0600,79,11,1,9,36
2023-10-21 23:37:48.965 -0600,2023-10-21 23:37:48.965 -0600,80,9,1,11,37
2023-10-21 23:37:50.291 -0600,2023-10-21 23:37:50.291 -0600,81,11,1,9,37
2023-10-21 23:37:50.382 -0600,2023-10-21 23:37:50.382 -0600,82,9,1,11,38
2023-10-21 23:37:52.134 -0600,2023-10-21 23:37:52.134 -0600,83,11,1,9,38
2023-10-21 23:37:52.263 -0600,2023-10-21 23:37:52.263 -0600,84,7,1,5,39
2023-10-21 23:37:52.805 -0600,2023-10-21 23:37:52.805 -0600,85,11,1,9,39
2023-10-21 23:37:53.005 -0600,2023-10-21 23:37:53.005 -0600,86,16,1,16,40
2023-10-21 23:37:53.410 -0600,2023-10-21 23:37:53.410 -0600,87,9,1,11,41
2023-10-21 23:37:54.673 -0600,2023-10-21 23:37:54.673 -0600,88,11,1,9,41
2023-10-21 23:37:54.844 -0600,2023-10-21 23:37:54.844 -0600,89,9,1,11,42
2023-10-21 23:37:55.673 -0600,2023-10-21 23:37:55.673 -0600,90,11,1,9,42
2023-10-21 23:37:55.714 -0600,2023-10-21 23:37:55.714 -0600,91,9,1,11,43
2023-10-21 23:37:58.020 -0600,2023-10-21 23:37:58.020 -0600,92,11,1,9,43
2023-10-21 23:37:58.140 -0600,2023-10-21 23:37:58.140 -0600,93,9,1,11,44
2023-10-21 23:37:59.214 -0600,2023-10-21 23:37:59.214 -0600,94,11,1,9,44
2023-10-21 23:37:59.272 -0600,2023-10-21 23:37:59.272 -0600,95,9,1,11,45
2023-10-21 23:38:00.166 -0600,2023-10-21 23:38:00.166 -0600,96,11,1,9,45
2023-10-21 23:38:00.230 -0600,2023-10-21 23:38:00.230 -0600,97,9,1,11,46
2023-10-21 23:38:01.578 -0600,2023-10-21 23:38:01.578 -0600,98,11,1,9,46
2023-10-21 23:38:01.688 -0600,2023-10-21 23:38:01.688 -0600,99,9,1,11,47
2023-10-21 23:38:02.846 -0600,2023-10-21 23:38:02.846 -0600,100,11,1,9,47
2023-10-21 23:38:02.919 -0600,2023-10-21 23:38:02.919 -0600,101,9,1,11,48
2023-10-21 23:38:03.315 -0600,2023-10-21 23:38:03.315 -0600,102,11,1,9,48
2023-10-21 23:38:03.359 -0600,2023-10-21 23:38:03.359 -0600,103,9,1,11,49
2023-10-21 23:38:03.794 -0600,2023-10-21 23:38:03.794 -0600,104,11,1,9,49
2023-10-21 23:38:03.932 -0600,2023-10-21 23:38:03.932 -0600,105,9,1,11,50
2023-10-21 23:38:05.256 -0600,2023-10-21 23:38:05.256 -0600,106,11,1,9,50
2023-10-21 23:38:05.352 -0600,2023-10-21 23:38:05.353 -0600,107,9,1,11,51
2023-10-21 23:38:06.569 -0600,2023-10-21 23:38:06.569 -0600,108,13,1,13,51
2023-10-21 23:38:06.583 -0600,2023-10-21 23:38:06.583 -0600,109,11,1,9,51
2023-10-21 23:38:06.623 -0600,2023-10-21 23:38:06.623 -0600,110,2,1,4,52
2023-10-21 23:38:07.292 -0600,2023-10-21 23:38:07.292 -0600,111,16,1,16,52
2023-10-21 23:38:07.375 -0600,2023-10-21 23:38:07.375 -0600,112,9,1,11,53
2023-10-21 23:38:08.621 -0600,2023-10-21 23:38:08.621 -0600,113,11,1,9,53
2023-10-21 23:38:08.703 -0600,2023-10-21 23:38:08.703 -0600,114,7,1,5,54
2023-10-21 23:38:09.584 -0600,2023-10-21 23:38:09.584 -0600,115,3,1,2,54
2023-10-21 23:38:09.814 -0600,2023-10-21 23:38:09.814 -0600,116,11,1,9,54
2023-10-21 23:38:09.854 -0600,2023-10-21 23:38:09.854 -0600,117,9,1,11,55
2023-10-21 23:38:11.320 -0600,2023-10-21 23:38:11.320 -0600,118,11,1,9,55
2023-10-21 23:38:11.389 -0600,2023-10-21 23:38:11.389 -0600,119,9,1,11,56
2023-10-21 23:38:15.592 -0600,2023-10-21 23:38:15.592 -0600,120,11,1,9,56
2023-10-21 23:38:15.713 -0600,2023-10-21 23:38:15.713 -0600,121,9,1,11,57
2023-10-21 23:38:16.885 -0600,2023-10-21 23:38:16.885 -0600,122,11,1,9,57
2023-10-21 23:38:16.976 -0600,2023-10-21 23:38:16.976 -0600,123,9,1,11,58
2023-10-21 23:38:19.061 -0600,2023-10-21 23:38:19.061 -0600,124,11,1,9,58
2023-10-21 23:38:19.162 -0600,2023-10-21 23:38:19.162 -0600,125,9,1,11,59
2023-10-21 23:38:20.950 -0600,2023-10-21 23:38:20.950 -0600,126,11,1,9,59
2023-10-21 23:38:21.025 -0600,2023-10-21 23:38:21.025 -0600,127,9,1,11,60
2023-10-21 23:38:22.230 -0600,2023-10-21 23:38:22.230 -0600,128,9,1,11,61
2023-10-21 23:38:23.254 -0600,2023-10-21 23:38:23.254 -0600,129,11,1,9,61
2023-10-21 23:38:23.313 -0600,2023-10-21 23:38:23.313 -0600,130,9,1,11,62
2023-10-21 23:38:25.027 -0600,2023-10-21 23:38:25.027 -0600,131,9,1,11,63
2023-10-21 23:38:26.811 -0600,2023-10-21 23:38:26.811 -0600,132,11,1,9,63
2023-10-21 23:38:26.910 -0600,2023-10-21 23:38:26.910 -0600,133,9,1,11,64
2023-10-21 23:38:27.937 -0600,2023-10-21 23:38:27.937 -0600,134,11,1,9,64
2023-10-21 23:38:28.019 -0600,2023-10-21 23:38:28.019 -0600,135,9,1,11,65
2023-10-21 23:38:30.318 -0600,2023-10-21 23:38:30.318 -0600,136,11,1,9,65
2023-10-21 23:38:30.377 -0600,2023-10-21 23:38:30.377 -0600,137,9,1,11,66
2023-10-21 23:38:34.936 -0600,2023-10-21 23:38:34.936 -0600,138,11,1,9,66
2023-10-21 23:38:35.036 -0600,2023-10-21 23:38:35.036 -0600,139,1,1,1,66
2023-10-21 23:38:35.108 -0600,2023-10-21 23:38:35.108 -0600,140,9,1,11,67
2023-10-21 23:38:35.673 -0600,2023-10-21 23:38:35.673 -0600,141,11,1,9,67
2023-10-21 23:38:35.745 -0600,2023-10-21 23:38:35.745 -0600,142,9,1,11,68
2023-10-21 23:38:36.548 -0600,2023-10-21 23:38:36.548 -0600,143,11,1,9,68
2023-10-21 23:38:36.593 -0600,2023-10-21 23:38:36.593 -0600,144,16,1,16,69
2023-10-21 23:38:36.936 -0600,2023-10-21 23:38:36.936 -0600,145,9,1,11,70
2023-10-21 23:38:39.815 -0600,2023-10-21 23:38:39.815 -0600,146,11,1,9,70
2023-10-21 23:38:40.032 -0600,2023-10-21 23:38:40.032 -0600,147,7,1,5,71
2023-10-21 23:38:40.414 -0600,2023-10-21 23:38:40.414 -0600,148,3,1,2,71
2023-10-21 23:38:40.700 -0600,2023-10-21 23:38:40.700 -0600,149,11,1,9,71
2023-10-21 23:38:40.821 -0600,2023-10-21 23:38:40.821 -0600,150,9,1,11,72
2023-10-21 23:38:41.898 -0600,2023-10-21 23:38:41.898 -0600,151,11,1,9,72
2023-10-21 23:38:41.986 -0600,2023-10-21 23:38:41.986 -0600,152,7,1,5,73
2023-10-21 23:38:42.531 -0600,2023-10-21 23:38:42.531 -0600,153,3,1,2,73
2023-10-21 23:38:42.908 -0600,2023-10-21 23:38:42.908 -0600,154,16,1,16,73
2023-10-21 23:38:42.947 -0600,2023-10-21 23:38:42.947 -0600,155,9,1,11,74
2023-10-21 23:38:43.964 -0600,2023-10-21 23:38:43.964 -0600,156,11,1,9,74
2023-10-21 23:38:44.004 -0600,2023-10-21 23:38:44.004 -0600,157,9,1,11,75
2023-10-21 23:38:45.250 -0600,2023-10-21 23:38:45.250 -0600,158,11,1,9,75
2023-10-21 23:38:45.320 -0600,2023-10-21 23:38:45.320 -0600,159,2,1,4,76
2023-10-21 23:38:45.555 -0600,2023-10-21 23:38:45.555 -0600,160,16,1,16,76
2023-10-21 23:38:45.638 -0600,2023-10-21 23:38:45.638 -0600,161,9,1,11,77
2023-10-21 23:38:46.686 -0600,2023-10-21 23:38:46.686 -0600,162,11,1,9,77
2023-10-21 23:38:46.756 -0600,2023-10-21 23:38:46.756 -0600,163,9,1,11,78
2023-10-21 23:38:48.224 -0600,2023-10-21 23:38:48.224 -0600,164,11,1,9,78
2023-10-21 23:38:48.436 -0600,2023-10-21 23:38:48.436 -0600,165,9,1,11,79
2023-10-21 23:38:49.561 -0600,2023-10-21 23:38:49.561 -0600,166,11,1,9,79
2023-10-21 23:38:49.646 -0600,2023-10-21 23:38:49.646 -0600,167,2,1,4,80
2023-10-21 23:38:49.986 -0600,2023-10-21 23:38:49.986 -0600,168,11,1,9,80
2023-10-21 23:38:50.118 -0600,2023-10-21 23:38:50.118 -0600,169,9,1,11,81
2023-10-21 23:38:51.034 -0600,2023-10-21 23:38:51.034 -0600,170,11,1,9,81
2023-10-21 23:38:51.103 -0600,2023-10-21 23:38:51.103 -0600,171,9,1,11,82
2023-10-21 23:38:52.467 -0600,2023-10-21 23:38:52.467 -0600,172,11,1,9,82
2023-10-21 23:38:52.659 -0600,2023-10-21 23:38:52.659 -0600,173,9,1,11,83
2023-10-21 23:38:53.691 -0600,2023-10-21 23:38:53.691 -0600,174,11,1,9,83
2023-10-21 23:38:53.759 -0600,2023-10-21 23:38:53.759 -0600,175,9,1,11,84
2023-10-21 23:38:55.918 -0600,2023-10-21 23:38:55.918 -0600,176,11,1,9,84
2023-10-21 23:38:56.020 -0600,2023-10-21 23:38:56.020 -0600,177,9,1,11,85
2023-10-21 23:38:57.140 -0600,2023-10-21 23:38:57.140 -0600,178,11,1,9,85
2023-10-21 23:38:57.213 -0600,2023-10-21 23:38:57.213 -0600,179,9,1,11,86
2023-10-21 23:38:57.758 -0600,2023-10-21 23:38:57.758 -0600,180,2,1,4,86
2023-10-21 23:38:57.900 -0600,2023-10-21 23:38:57.900 -0600,181,11,1,9,86
2023-10-21 23:38:57.968 -0600,2023-10-21 23:38:57.968 -0600,182,7,1,5,87
2023-10-21 23:38:58.490 -0600,2023-10-21 23:38:58.490 -0600,183,11,1,9,87
2023-10-21 23:38:58.700 -0600,2023-10-21 23:38:58.700 -0600,184,9,1,11,88
2023-10-21 23:38:59.502 -0600,2023-10-21 23:38:59.502 -0600,185,11,1,9,88
2023-10-21 23:38:59.534 -0600,2023-10-21 23:38:59.534 -0600,186,9,1,11,89
2023-10-21 23:39:01.046 -0600,2023-10-21 23:39:01.046 -0600,187,11,1,9,89
2023-10-21 23:39:01.161 -0600,2023-10-21 23:39:01.161 -0600,188,9,1,11,90
2023-10-21 23:39:02.351 -0600,2023-10-21 23:39:02.351 -0600,189,11,1,9,90
2023-10-21 23:39:02.425 -0600,2023-10-21 23:39:02.425 -0600,190,5,1,3,91
2023-10-21 23:39:02.929 -0600,2023-10-21 23:39:02.929 -0600,191,6,1,16,91
2023-10-21 23:39:02.990 -0600,2023-10-21 23:39:02.990 -0600,192,2,1,4,91
2023-10-21 23:39:03.789 -0600,2023-10-21 23:39:03.789 -0600,193,16,1,16,91
2023-10-21 23:39:03.923 -0600,2023-10-21 23:39:03.923 -0600,194,2,1,4,92
2023-10-21 23:39:04.482 -0600,2023-10-21 23:39:04.482 -0600,195,16,1,16,92
2023-10-21 23:39:04.518 -0600,2023-10-21 23:39:04.518 -0600,196,11,1,9,92
2023-10-21 23:39:04.555 -0600,2023-10-21 23:39:04.555 -0600,197,9,1,11,93
2023-10-21 23:39:06.648 -0600,2023-10-21 23:39:06.648 -0600,198,11,1,9,93
2023-10-21 23:39:06.750 -0600,2023-10-21 23:39:06.750 -0600,199,4,1,15,93
2023-10-21 23:39:06.826 -0600,2023-10-21 23:39:06.826 -0600,200,9,1,11,94
2023-10-21 23:39:07.913 -0600,2023-10-21 23:39:07.913 -0600,201,11,1,9,94
2023-10-21 23:39:08.008 -0600,2023-10-21 23:39:08.008 -0600,202,9,1,11,95
2023-10-21 23:39:08.453 -0600,2023-10-21 23:39:08.453 -0600,203,11,1,9,95
2023-10-21 23:39:08.508 -0600,2023-10-21 23:39:08.508 -0600,204,10,1,10,96
2023-10-21 23:39:08.586 -0600,2023-10-21 23:39:08.586 -0600,205,9,1,11,97
2023-10-21 23:39:09.660 -0600,2023-10-21 23:39:09.660 -0600,206,11,1,9,97
2023-10-21 23:39:09.719 -0600,2023-10-21 23:39:09.719 -0600,207,9,1,11,98
2023-10-21 23:39:10.185 -0600,2023-10-21 23:39:10.185 -0600,208,9,1,11,99
2023-10-21 23:39:10.987 -0600,2023-10-21 23:39:10.987 -0600,209,11,1,9,99
2023-10-21 23:39:11.085 -0600,2023-10-21 23:39:11.085 -0600,210,9,1,11,100
2023-10-21 23:39:12.446 -0600,2023-10-21 23:39:12.446 -0600,211,11,1,9,100
2023-10-21 23:39:12.536 -0600,2023-10-21 23:39:12.536 -0600,212,9,1,11,101
2023-10-21 23:39:13.795 -0600,2023-10-21 23:39:13.795 -0600,213,11,1,9,101
2023-10-21 23:39:13.896 -0600,2023-10-21 23:39:13.896 -0600,214,9,1,11,102
2023-10-21 23:39:6.629 -0600,2023-10-21 23:39:6.629 -0600,215,11,1,9,102
2023-10-21 23:39:6.697 -0600,2023-10-21 23:39:6.697 -0600,216,7,1,5,103
2023-10-21 23:39:15.427 -0600,2023-10-21 23:39:15.427 -0600,217,3,1,2,103
2023-10-21 23:39:15.575 -0600,2023-10-21 23:39:15.575 -0600,218,11,1,9,103
2023-10-21 23:39:15.625 -0600,2023-10-21 23:39:15.625 -0600,219,9,1,11,104
2023-10-21 23:39:16.074 -0600,2023-10-21 23:39:16.074 -0600,220,11,1,9,104
2023-10-21 23:39:16.120 -0600,2023-10-21 23:39:16.120 -0600,221,9,1,11,105
2023-10-21 23:39:16.557 -0600,2023-10-21 23:39:16.557 -0600,222,11,1,9,105
2023-10-21 23:39:16.687 -0600,2023-10-21 23:39:16.687 -0600,223,9,1,11,106
2023-10-21 23:39:17.544 -0600,2023-10-21 23:39:17.544 -0600,224,11,1,9,106
2023-10-21 23:39:17.600 -0600,2023-10-21 23:39:17.600 -0600,225,9,1,11,107
2023-10-21 23:39:19.392 -0600,2023-10-21 23:39:19.392 -0600,226,11,1,9,107
2023-10-21 23:39:19.448 -0600,2023-10-21 23:39:19.448 -0600,227,9,1,11,108
2023-10-21 23:39:20.200 -0600,2023-10-21 23:39:20.200 -0600,228,11,1,9,108
2023-10-21 23:39:20.252 -0600,2023-10-21 23:39:20.252 -0600,229,9,1,11,109
2023-10-21 23:39:20.932 -0600,2023-10-21 23:39:20.932 -0600,230,11,1,9,109
2023-10-21 23:39:20.995 -0600,2023-10-21 23:39:20.995 -0600,231,9,1,11,110
2023-10-21 23:39:21.384 -0600,2023-10-21 23:39:21.384 -0600,232,11,1,9,110
2023-10-21 23:39:21.426 -0600,2023-10-21 23:39:21.426 -0600,233,9,1,11,111
2023-10-21 23:39:21.742 -0600,2023-10-21 23:39:21.742 -0600,234,11,1,9,111
2023-10-21 23:39:21.786 -0600,2023-10-21 23:39:21.786 -0600,235,5,1,3,112
2023-10-21 23:39:22.412 -0600,2023-10-21 23:39:22.412 -0600,236,6,1,16,112
2023-10-21 23:39:22.472 -0600,2023-10-21 23:39:22.472 -0600,237,2,1,4,112
2023-10-21 23:39:23.193 -0600,2023-10-21 23:39:23.193 -0600,238,16,1,6,112
2023-10-21 23:39:23.282 -0600,2023-10-21 23:39:23.282 -0600,239,2,1,4,113
2023-10-21 23:39:23.578 -0600,2023-10-21 23:39:23.578 -0600,240,16,1,16,113
2023-10-21 23:39:23.682 -0600,2023-10-21 23:39:23.682 -0600,241,5,1,3,114
2023-10-21 23:39:23.989 -0600,2023-10-21 23:39:23.989 -0600,242,6,1,16,114
2023-10-21 23:39:24.046 -0600,2023-10-21 23:39:24.046 -0600,243,2,1,4,114
2023-10-21 23:39:24.908 -0600,2023-10-21 23:39:24.908 -0600,244,11,1,9,114
2023-10-21 23:39:25.030 -0600,2023-10-21 23:39:25.030 -0600,245,7,1,5,115
2023-10-21 23:39:25.526 -0600,2023-10-21 23:39:25.526 -0600,246,3,1,2,115
2023-10-21 23:39:25.929 -0600,2023-10-21 23:39:25.929 -0600,247,11,1,9,115
2023-10-21 23:39:26.088 -0600,2023-10-21 23:39:26.088 -0600,248,9,1,11,116
2023-10-21 23:39:26.967 -0600,2023-10-21 23:39:26.967 -0600,249,11,1,9,116
2023-10-21 23:39:27.051 -0600,2023-10-21 23:39:27.051 -0600,250,9,1,11,117
2023-10-21 23:39:27.673 -0600,2023-10-21 23:39:27.673 -0600,251,11,1,9,117
2023-10-21 23:39:27.743 -0600,2023-10-21 23:39:27.743 -0600,252,9,1,11,118
2023-10-21 23:39:28.456 -0600,2023-10-21 23:39:28.456 -0600,253,11,1,9,118
2023-10-21 23:39:28.545 -0600,2023-10-21 23:39:28.545 -0600,254,5,1,3,119
2023-10-21 23:39:29.334 -0600,2023-10-21 23:39:29.334 -0600,255,6,1,16,119
2023-10-21 23:39:29.402 -0600,2023-10-21 23:39:29.402 -0600,256,8,1,14,120
2023-10-21 23:39:29.488 -0600,2023-10-21 23:39:29.488 -0600,257,9,1,11,121
2023-10-21 23:39:29.891 -0600,2023-10-21 23:39:29.891 -0600,258,16,1,16,121
2023-10-21 23:39:29.986 -0600,2023-10-21 23:39:29.986 -0600,259,2,1,4,122
2023-10-21 23:39:30.309 -0600,2023-10-21 23:39:30.309 -0600,260,16,1,6,122
2023-10-21 23:39:30.425 -0600,2023-10-21 23:39:30.425 -0600,261,8,1,14,123
2023-10-21 23:39:30.446 -0600,2023-10-21 23:39:30.446 -0600,262,9,1,11,124
2023-10-21 23:39:31.239 -0600,2023-10-21 23:39:31.239 -0600,263,11,1,9,124
2023-10-21 23:39:31.285 -0600,2023-10-21 23:39:31.285 -0600,264,16,1,16,125
2023-10-21 23:39:31.305 -0600,2023-10-21 23:39:31.305 -0600,265,8,1,14,126
2023-10-21 23:39:31.322 -0600,2023-10-21 23:39:31.322 -0600,266,8,1,14,127
2023-10-21 23:39:31.346 -0600,2023-10-21 23:39:31.346 -0600,267,2,1,4,128
2023-10-21 23:39:31.437 -0600,2023-10-21 23:39:31.437 -0600,268,16,1,6,128
2023-10-21 23:39:31.484 -0600,2023-10-21 23:39:31.484 -0600,269,5,1,3,129
2023-10-21 23:39:32.230 -0600,2023-10-21 23:39:32.230 -0600,270,6,1,16,129
2023-10-21 23:39:32.288 -0600,2023-10-21 23:39:32.288 -0600,271,2,1,4,129
2023-10-21 23:39:32.938 -0600,2023-10-21 23:39:32.938 -0600,272,16,1,16,129
2023-10-21 23:39:33.002 -0600,2023-10-21 23:39:33.002 -0600,273,11,1,9,130
2023-10-21 23:39:33.176 -0600,2023-10-21 23:39:33.176 -0600,274,9,1,11,131
2023-10-21 23:39:34.788 -0600,2023-10-21 23:39:34.788 -0600,275,11,1,9,131
2023-10-21 23:39:34.951 -0600,2023-10-21 23:39:34.951 -0600,276,9,1,11,132
2023-10-21 23:39:35.430 -0600,2023-10-21 23:39:35.430 -0600,277,11,1,9,132
2023-10-21 23:39:35.561 -0600,2023-10-21 23:39:35.561 -0600,278,9,1,11,133
2023-10-21 23:39:37.040 -0600,2023-10-21 23:39:37.040 -0600,279,11,1,9,133
2023-10-21 23:39:37.262 -0600,2023-10-21 23:39:37.262 -0600,280,9,1,11,134
2023-10-21 23:39:37.800 -0600,2023-10-21 23:39:37.800 -0600,281,2,1,4,134
2023-10-21 23:39:37.906 -0600,2023-10-21 23:39:37.906 -0600,282,11,1,9,134
2023-10-21 23:39:37.940 -0600,2023-10-21 23:39:37.940 -0600,283,6,1,16,135
2023-10-21 23:39:38.103 -0600,2023-10-21 23:39:38.103 -0600,284,15,1,12,135
2023-10-21 23:39:38.306 -0600,2023-10-21 23:39:38.306 -0600,285,9,1,11,136
2023-10-21 23:39:38.819 -0600,2023-10-21 23:39:38.819 -0600,286,11,1,9,136
2023-10-21 23:39:39.013 -0600,2023-10-21 23:39:39.013 -0600,287,9,1,11,137
2023-10-21 23:39:39.431 -0600,2023-10-21 23:39:39.431 -0600,288,2,1,4,137
2023-10-21 23:39:39.607 -0600,2023-10-21 23:39:39.607 -0600,289,11,1,9,137
2023-10-21 23:39:39.703 -0600,2023-10-21 23:39:39.703 -0600,290,9,1,11,138
2023-10-21 23:39:42.176 -0600,2023-10-21 23:39:42.176 -0600,291,11,1,9,138
2023-10-21 23:39:42.388 -0600,2023-10-21 23:39:42.388 -0600,292,9,1,11,139
2023-10-21 23:39:43.594 -0600,2023-10-21 23:39:43.594 -0600,293,11,1,9,139
2023-10-21 23:39:43.703 -0600,2023-10-21 23:39:43.703 -0600,294,9,1,11,140
2023-10-21 23:39:45.016 -0600,2023-10-21 23:39:45.016 -0600,295,11,1,9,140
2023-10-21 23:39:45.099 -0600,2023-10-21 23:39:45.099 -0600,296,16,1,16,141
2023-10-21 23:39:45.414 -0600,2023-10-21 23:39:45.414 -0600,297,9,1,11,142
2023-10-21 23:39:47.065 -0600,2023-10-21 23:39:47.065 -0600,298,11,1,9,142
2023-10-21 23:39:47.241 -0600,2023-10-21 23:39:47.241 -0600,299,9,1,11,143
2023-10-21 23:39:48.030 -0600,2023-10-21 23:39:48.030 -0600,300,11,1,9,143
2023-10-21 23:39:48.080 -0600,2023-10-21 23:39:48.080 -0600,301,16,1,16,144
2023-10-21 23:39:48.414 -0600,2023-10-21 23:39:48.414 -0600,302,9,1,11,145
2023-10-21 23:39:49.092 -0600,2023-10-21 23:39:49.092 -0600,303,11,1,9,145
2023-10-21 23:39:49.177 -0600,2023-10-21 23:39:49.177 -0600,304,9,1,11,146
2023-10-21 23:39:50.888 -0600,2023-10-21 23:39:50.888 -0600,305,11,1,9,146
2023-10-21 23:39:50.993 -0600,2023-10-21 23:39:50.993 -0600,306,9,1,11,147
2023-10-21 23:39:52.292 -0600,2023-10-21 23:39:52.292 -0600,307,11,1,9,147
2023-10-21 23:39:52.358 -0600,2023-10-21 23:39:52.358 -0600,308,9,1,11,148
2023-10-21 23:39:53.166 -0600,2023-10-21 23:39:53.166 -0600,309,11,1,9,148
2023-10-21 23:39:53.235 -0600,2023-10-21 23:39:53.235 -0600,310,9,1,11,149
2023-10-21 23:39:55.221 -0600,2023-10-21 23:39:55.221 -0600,311,11,1,9,149
2023-10-21 23:39:55.426 -0600,2023-10-21 23:39:55.426 -0600,312,9,1,11,150
2023-10-21 23:39:57.783 -0600,2023-10-21 23:39:57.783 -0600,313,11,1,9,150
2023-10-21 23:39:57.968 -0600,2023-10-21 23:39:57.968 -0600,314,5,1,3,151
2023-10-21 23:39:58.588 -0600,2023-10-21 23:39:58.588 -0600,315,6,1,16,151
2023-10-21 23:39:58.642 -0600,2023-10-21 23:39:58.642 -0600,316,3,1,2,152
2023-10-21 23:39:58.923 -0600,2023-10-21 23:39:58.923 -0600,317,11,1,9,152
2023-10-21 23:39:59.020 -0600,2023-10-21 23:39:59.020 -0600,318,9,1,11,153
2023-10-21 23:39:59.809 -0600,2023-10-21 23:39:59.809 -0600,319,11,1,9,153
2023-10-21 23:39:59.877 -0600,2023-10-21 23:39:59.877 -0600,320,9,1,11,154
2023-10-21 23:40:00.398 -0600,2023-10-21 23:40:00.398 -0600,321,9,1,11,155
2023-10-21 23:40:00.785 -0600,2023-10-21 23:40:00.785 -0600,322,16,1,16,155
2023-10-21 23:40:00.822 -0600,2023-10-21 23:40:00.822 -0600,323,9,1,11,156
2023-10-21 23:40:01.471 -0600,2023-10-21 23:40:01.471 -0600,324,11,1,9,156
2023-10-21 23:40:01.527 -0600,2023-10-21 23:40:01.527 -0600,325,9,1,11,157
2023-10-21 23:40:02.875 -0600,2023-10-21 23:40:02.875 -0600,326,11,1,9,157
2023-10-21 23:40:02.961 -0600,2023-10-21 23:40:02.961 -0600,327,9,1,11,158
2023-10-21 23:40:03.812 -0600,2023-10-21 23:40:03.812 -0600,328,11,1,9,158
2023-10-21 23:40:03.878 -0600,2023-10-21 23:40:03.878 -0600,329,9,1,11,159
2023-10-21 23:40:05.413 -0600,2023-10-21 23:40:05.413 -0600,330,11,1,9,159
2023-10-21 23:40:05.478 -0600,2023-10-21 23:40:05.478 -0600,331,9,1,11,160
2023-10-21 23:40:08.342 -0600,2023-10-21 23:40:08.342 -0600,332,11,1,9,160
2023-10-21 23:40:08.522 -0600,2023-10-21 23:40:08.522 -0600,333,9,1,11,161
2023-10-21 23:40:10.187 -0600,2023-10-21 23:40:10.187 -0600,334,11,1,9,161
2023-10-21 23:40:10.258 -0600,2023-10-21 23:40:10.258 -0600,335,9,1,11,162
2023-10-21 23:40:11.132 -0600,2023-10-21 23:40:11.132 -0600,336,11,1,9,162
2023-10-21 23:40:11.207 -0600,2023-10-21 23:40:11.207 -0600,337,9,1,11,163
2023-10-21 23:40:12.378 -0600,2023-10-21 23:40:12.378 -0600,338,11,1,9,163
2023-10-21 23:40:12.434 -0600,2023-10-21 23:40:12.434 -0600,339,2,1,4,164
2023-10-21 23:40:13.092 -0600,2023-10-21 23:40:13.092 -0600,340,11,1,9,164
2023-10-21 23:40:13.176 -0600,2023-10-21 23:40:13.176 -0600,341,9,1,11,165
2023-10-21 23:40:6.095 -0600,2023-10-21 23:40:6.095 -0600,342,11,1,9,165
2023-10-21 23:40:6.154 -0600,2023-10-21 23:40:6.154 -0600,343,9,1,11,166
2023-10-21 23:40:15.617 -0600,2023-10-21 23:40:15.617 -0600,344,11,1,9,166
2023-10-21 23:40:15.726 -0600,2023-10-21 23:40:15.726 -0600,345,16,1,16,167
2023-10-21 23:40:15.865 -0600,2023-10-21 23:40:15.865 -0600,346,8,1,14,168
2023-10-21 23:40:15.927 -0600,2023-10-21 23:40:15.927 -0600,347,9,1,11,169
2023-10-21 23:40:17.038 -0600,2023-10-21 23:40:17.038 -0600,348,9,1,11,170
2023-10-21 23:40:17.936 -0600,2023-10-21 23:40:17.936 -0600,349,11,1,9,170
2023-10-21 23:40:18.003 -0600,2023-10-21 23:40:18.003 -0600,350,9,1,11,171
2023-10-21 23:40:19.777 -0600,2023-10-21 23:40:19.777 -0600,351,11,1,9,171
2023-10-21 23:40:19.948 -0600,2023-10-21 23:40:19.948 -0600,352,9,1,11,172
2023-10-21 23:40:22.966 -0600,2023-10-21 23:40:22.966 -0600,353,11,1,9,172
2023-10-21 23:40:23.344 -0600,2023-10-21 23:40:23.344 -0600,354,7,1,5,173
2023-10-21 23:40:23.813 -0600,2023-10-21 23:40:23.813 -0600,355,3,1,2,173
2023-10-21 23:40:24.177 -0600,2023-10-21 23:40:24.177 -0600,356,11,1,9,173
2023-10-21 23:40:24.332 -0600,2023-10-21 23:40:24.332 -0600,357,9,1,11,174
2023-10-21 23:40:25.678 -0600,2023-10-21 23:40:25.678 -0600,358,11,1,9,174
2023-10-21 23:40:25.802 -0600,2023-10-21 23:40:25.802 -0600,359,7,1,5,175
2023-10-21 23:40:26.635 -0600,2023-10-21 23:40:26.635 -0600,360,3,1,2,175
2023-10-21 23:40:26.825 -0600,2023-10-21 23:40:26.825 -0600,361,11,1,9,175
2023-10-21 23:40:26.862 -0600,2023-10-21 23:40:26.862 -0600,362,9,1,11,176
2023-10-21 23:40:27.626 -0600,2023-10-21 23:40:27.626 -0600,363,11,1,9,176
2023-10-21 23:40:27.743 -0600,2023-10-21 23:40:27.743 -0600,364,9,1,11,177
2023-10-21 23:40:29.858 -0600,2023-10-21 23:40:29.858 -0600,365,11,1,9,177
2023-10-21 23:40:29.973 -0600,2023-10-21 23:40:29.973 -0600,366,5,1,3,178
2023-10-21 23:40:30.290 -0600,2023-10-21 23:40:30.290 -0600,367,6,1,16,178
2023-10-21 23:40:30.329 -0600,2023-10-21 23:40:30.329 -0600,368,2,1,4,178
2023-10-21 23:40:31.018 -0600,2023-10-21 23:40:31.018 -0600,369,11,1,9,178
2023-10-21 23:40:31.120 -0600,2023-10-21 23:40:31.120 -0600,370,9,1,11,179
2023-10-21 23:40:33.102 -0600,2023-10-21 23:40:33.102 -0600,371,11,1,9,179
2023-10-21 23:40:33.178 -0600,2023-10-21 23:40:33.178 -0600,372,9,1,11,180
2023-10-21 23:40:33.969 -0600,2023-10-21 23:40:33.969 -0600,373,11,1,9,180
2023-10-21 23:40:34.108 -0600,2023-10-21 23:40:34.108 -0600,374,9,1,11,181
2023-10-21 23:40:34.621 -0600,2023-10-21 23:40:34.621 -0600,375,2,1,4,181
2023-10-21 23:40:34.752 -0600,2023-10-21 23:40:34.752 -0600,376,11,1,9,181
2023-10-21 23:40:34.800 -0600,2023-10-21 23:40:34.800 -0600,377,9,1,11,182
2023-10-21 23:40:36.076 -0600,2023-10-21 23:40:36.076 -0600,378,11,1,9,182
2023-10-21 23:40:36.198 -0600,2023-10-21 23:40:36.198 -0600,379,9,1,11,183
2023-10-21 23:40:37.216 -0600,2023-10-21 23:40:37.216 -0600,380,11,1,9,183
2023-10-21 23:40:37.278 -0600,2023-10-21 23:40:37.278 -0600,381,9,1,11,184
2023-10-21 23:40:38.184 -0600,2023-10-21 23:40:38.184 -0600,382,9,1,11,185
2023-10-21 23:40:40.707 -0600,2023-10-21 23:40:40.707 -0600,383,11,1,9,185
2023-10-21 23:40:40.822 -0600,2023-10-21 23:40:40.822 -0600,384,2,1,4,186
2023-10-21 23:40:41.104 -0600,2023-10-21 23:40:41.104 -0600,385,16,1,16,186
2023-10-21 23:40:41.205 -0600,2023-10-21 23:40:41.205 -0600,386,9,1,11,187
2023-10-21 23:40:42.166 -0600,2023-10-21 23:40:42.166 -0600,387,11,1,9,187
2023-10-21 23:40:42.236 -0600,2023-10-21 23:40:42.236 -0600,388,9,1,11,188
2023-10-21 23:40:43.714 -0600,2023-10-21 23:40:43.714 -0600,389,11,1,9,188
2023-10-21 23:40:43.840 -0600,2023-10-21 23:40:43.840 -0600,390,9,1,11,189
2023-10-21 23:40:44.339 -0600,2023-10-21 23:40:44.339 -0600,391,11,1,9,189
2023-10-21 23:40:44.556 -0600,2023-10-21 23:40:44.556 -0600,392,9,1,11,190
2023-10-21 23:40:45.589 -0600,2023-10-21 23:40:45.589 -0600,393,11,1,9,190
2023-10-21 23:40:45.639 -0600,2023-10-21 23:40:45.639 -0600,394,9,1,11,191
2023-10-21 23:40:46.476 -0600,2023-10-21 23:40:46.476 -0600,395,11,1,9,191
2023-10-21 23:40:46.537 -0600,2023-10-21 23:40:46.537 -0600,396,7,1,5,192
2023-10-21 23:40:46.995 -0600,2023-10-21 23:40:46.995 -0600,397,3,1,2,192
2023-10-21 23:40:47.357 -0600,2023-10-21 23:40:47.357 -0600,398,11,1,9,192
2023-10-21 23:40:47.510 -0600,2023-10-21 23:40:47.510 -0600,399,9,1,11,193
2023-10-21 23:40:49.201 -0600,2023-10-21 23:40:49.201 -0600,400,11,1,9,193
2023-10-21 23:40:49.247 -0600,2023-10-21 23:40:49.247 -0600,401,9,1,11,194
2023-10-21 23:40:50.256 -0600,2023-10-21 23:40:50.256 -0600,402,11,1,9,194
2023-10-21 23:40:50.356 -0600,2023-10-21 23:40:50.356 -0600,403,9,1,11,195
2023-10-21 23:40:50.680 -0600,2023-10-21 23:40:50.680 -0600,404,11,1,9,195
2023-10-21 23:40:50.718 -0600,2023-10-21 23:40:50.718 -0600,405,9,1,11,196
2023-10-21 23:40:51.351 -0600,2023-10-21 23:40:51.351 -0600,406,11,1,9,196
2023-10-21 23:40:51.403 -0600,2023-10-21 23:40:51.403 -0600,407,9,1,11,197
2023-10-21 23:40:52.303 -0600,2023-10-21 23:40:52.303 -0600,408,11,1,9,197
2023-10-21 23:40:52.400 -0600,2023-10-21 23:40:52.400 -0600,409,9,1,11,198
2023-10-21 23:40:53.382 -0600,2023-10-21 23:40:53.382 -0600,410,11,1,9,198
2023-10-21 23:40:53.444 -0600,2023-10-21 23:40:53.444 -0600,411,9,1,11,199
2023-10-21 23:40:55.112 -0600,2023-10-21 23:40:55.112 -0600,412,11,1,9,199
2023-10-21 23:40:55.162 -0600,2023-10-21 23:40:55.162 -0600,413,9,1,11,200
2023-10-21 23:40:56.569 -0600,2023-10-21 23:40:56.569 -0600,414,11,1,9,200
2023-10-21 23:40:56.716 -0600,2023-10-21 23:40:56.716 -0600,415,9,1,11,201
2023-10-21 23:40:57.475 -0600,2023-10-21 23:40:57.475 -0600,416,11,1,9,201
2023-10-21 23:40:57.588 -0600,2023-10-21 23:40:57.588 -0600,417,9,1,11,202
2023-10-21 23:40:58.608 -0600,2023-10-21 23:40:58.608 -0600,418,11,1,9,202
2023-10-21 23:40:58.683 -0600,2023-10-21 23:40:58.683 -0600,419,9,1,11,203
2023-10-21 23:40:59.478 -0600,2023-10-21 23:40:59.478 -0600,420,11,1,9,203
2023-10-21 23:40:59.539 -0600,2023-10-21 23:40:59.539 -0600,421,2,1,4,204
2023-10-21 23:41:00.054 -0600,2023-10-21 23:41:00.054 -0600,422,11,1,9,204
2023-10-21 23:41:00.116 -0600,2023-10-21 23:41:00.116 -0600,423,9,1,11,205
2023-10-21 23:41:01.029 -0600,2023-10-21 23:41:01.029 -0600,424,11,1,9,205
2023-10-21 23:41:01.125 -0600,2023-10-21 23:41:01.125 -0600,425,9,1,11,206
2023-10-21 23:41:02.000 -0600,2023-10-21 23:41:02.000 -0600,426,11,1,9,206
2023-10-21 23:41:02.041 -0600,2023-10-21 23:41:02.041 -0600,427,9,1,11,207
2023-10-21 23:41:04.621 -0600,2023-10-21 23:41:04.621 -0600,428,11,1,9,207
2023-10-21 23:41:04.683 -0600,2023-10-21 23:41:04.683 -0600,429,11,1,9,208
2023-10-21 23:41:04.838 -0600,2023-10-21 23:41:04.838 -0600,430,9,1,11,209
2023-10-21 23:41:05.726 -0600,2023-10-21 23:41:05.726 -0600,431,11,1,9,209
2023-10-21 23:41:05.769 -0600,2023-10-21 23:41:05.769 -0600,432,9,1,11,210
2023-10-21 23:41:06.107 -0600,2023-10-21 23:41:06.107 -0600,433,11,1,9,210
2023-10-21 23:41:06.217 -0600,2023-10-21 23:41:06.217 -0600,434,9,1,11,211
2023-10-21 23:41:06.772 -0600,2023-10-21 23:41:06.772 -0600,435,11,1,9,211
2023-10-21 23:41:06.801 -0600,2023-10-21 23:41:06.801 -0600,436,7,1,5,212
2023-10-21 23:41:07.197 -0600,2023-10-21 23:41:07.197 -0600,437,3,1,2,212
2023-10-21 23:41:07.500 -0600,2023-10-21 23:41:07.500 -0600,438,11,1,9,212
2023-10-21 23:41:07.639 -0600,2023-10-21 23:41:07.639 -0600,439,9,1,11,213
2023-10-21 23:41:09.328 -0600,2023-10-21 23:41:09.328 -0600,440,11,1,9,213
2023-10-21 23:41:09.415 -0600,2023-10-21 23:41:09.415 -0600,441,9,1,11,214
2023-10-21 23:41:10.821 -0600,2023-10-21 23:41:10.821 -0600,442,11,1,9,214
2023-10-21 23:41:10.948 -0600,2023-10-21 23:41:10.948 -0600,443,9,1,11,215
2023-10-21 23:41:11.770 -0600,2023-10-21 23:41:11.770 -0600,444,11,1,9,215
2023-10-21 23:41:11.906 -0600,2023-10-21 23:41:11.906 -0600,445,5,1,3,216
2023-10-21 23:41:12.594 -0600,2023-10-21 23:41:12.594 -0600,446,11,1,9,216
2023-10-21 23:41:12.649 -0600,2023-10-21 23:41:12.649 -0600,447,9,1,11,217
2023-10-21 23:41:13.735 -0600,2023-10-21 23:41:13.735 -0600,448,11,1,9,217
2023-10-21 23:41:13.793 -0600,2023-10-21 23:41:13.793 -0600,449,2,1,4,218
2023-10-21 23:41:6.329 -0600,2023-10-21 23:41:6.329 -0600,450,11,1,9,218
2023-10-21 23:41:6.392 -0600,2023-10-21 23:41:6.392 -0600,451,9,1,11,219
2023-10-21 23:41:16.851 -0600,2023-10-21 23:41:16.851 -0600,452,11,1,9,219
2023-10-21 23:41:17.012 -0600,2023-10-21 23:41:17.012 -0600,453,9,1,11,220
2023-10-21 23:41:18.612 -0600,2023-10-21 23:41:18.612 -0600,454,11,1,9,220
2023-10-21 23:41:18.793 -0600,2023-10-21 23:41:18.793 -0600,455,9,1,11,221
2023-10-21 23:41:20.621 -0600,2023-10-21 23:41:20.621 -0600,456,11,1,9,221
2023-10-21 23:41:20.717 -0600,2023-10-21 23:41:20.717 -0600,457,9,1,11,222
2023-10-21 23:41:21.689 -0600,2023-10-21 23:41:21.689 -0600,458,11,1,9,222
2023-10-21 23:41:21.740 -0600,2023-10-21 23:41:21.740 -0600,459,9,1,11,223
2023-10-21 23:41:22.205 -0600,2023-10-21 23:41:22.205 -0600,460,11,1,9,223
2023-10-21 23:41:22.232 -0600,2023-10-21 23:41:22.232 -0600,461,9,1,11,224
2023-10-21 23:41:22.761 -0600,2023-10-21 23:41:22.761 -0600,462,11,1,9,224
2023-10-21 23:41:22.859 -0600,2023-10-21 23:41:22.859 -0600,463,9,1,11,225
2023-10-21 23:41:23.694 -0600,2023-10-21 23:41:23.694 -0600,464,11,1,9,225
2023-10-21 23:41:23.785 -0600,2023-10-21 23:41:23.785 -0600,465,5,1,3,226
2023-10-21 23:41:24.538 -0600,2023-10-21 23:41:24.538 -0600,466,6,1,16,226
2023-10-21 23:41:24.607 -0600,2023-10-21 23:41:24.607 -0600,467,9,1,11,227
2023-10-21 23:41:25.657 -0600,2023-10-21 23:41:25.657 -0600,468,11,1,9,227
2023-10-21 23:41:25.837 -0600,2023-10-21 23:41:25.837 -0600,469,9,1,11,228
2023-10-21 23:41:27.651 -0600,2023-10-21 23:41:27.651 -0600,470,11,1,9,228
2023-10-21 23:41:27.757 -0600,2023-10-21 23:41:27.757 -0600,471,2,1,4,229
2023-10-21 23:41:27.887 -0600,2023-10-21 23:41:27.887 -0600,472,16,1,16,229
2023-10-21 23:41:27.938 -0600,2023-10-21 23:41:27.938 -0600,473,5,1,3,230
2023-10-21 23:41:28.598 -0600,2023-10-21 23:41:28.598 -0600,474,16,1,16,230
2023-10-21 23:41:28.653 -0600,2023-10-21 23:41:28.653 -0600,475,9,1,11,231
2023-10-21 23:41:29.373 -0600,2023-10-21 23:41:29.373 -0600,476,11,1,9,231
2023-10-21 23:41:29.420 -0600,2023-10-21 23:41:29.420 -0600,477,9,1,11,232
2023-10-21 23:41:30.246 -0600,2023-10-21 23:41:30.246 -0600,478,11,1,9,232
2023-10-21 23:41:30.308 -0600,2023-10-21 23:41:30.308 -0600,479,9,1,11,233
2023-10-21 23:41:31.661 -0600,2023-10-21 23:41:31.661 -0600,480,11,1,9,233
2023-10-21 23:41:31.743 -0600,2023-10-21 23:41:31.743 -0600,481,9,1,11,234
2023-10-21 23:41:33.308 -0600,2023-10-21 23:41:33.308 -0600,482,11,1,9,234
2023-10-21 23:41:33.392 -0600,2023-10-21 23:41:33.392 -0600,483,7,1,5,235
2023-10-21 23:41:33.823 -0600,2023-10-21 23:41:33.823 -0600,484,3,1,2,235
2023-10-21 23:41:34.128 -0600,2023-10-21 23:41:34.128 -0600,485,11,1,9,235
2023-10-21 23:41:34.264 -0600,2023-10-21 23:41:34.264 -0600,486,9,1,11,236
2023-10-21 23:41:34.901 -0600,2023-10-21 23:41:34.901 -0600,487,11,1,9,236
2023-10-21 23:41:34.940 -0600,2023-10-21 23:41:34.940 -0600,488,7,1,5,237
2023-10-21 23:41:35.633 -0600,2023-10-21 23:41:35.633 -0600,489,3,1,2,237
2023-10-21 23:41:35.765 -0600,2023-10-21 23:41:35.765 -0600,490,11,1,9,237
2023-10-21 23:41:35.805 -0600,2023-10-21 23:41:35.805 -0600,491,5,1,3,238
2023-10-21 23:41:36.370 -0600,2023-10-21 23:41:36.370 -0600,492,6,1,6,238
2023-10-21 23:41:36.412 -0600,2023-10-21 23:41:36.412 -0600,493,2,1,4,238
2023-10-21 23:41:36.984 -0600,2023-10-21 23:41:36.984 -0600,494,11,1,9,238
2023-10-21 23:41:37.067 -0600,2023-10-21 23:41:37.067 -0600,495,9,1,11,239
2023-10-21 23:41:39.527 -0600,2023-10-21 23:41:39.527 -0600,496,11,1,9,239
2023-10-21 23:41:39.575 -0600,2023-10-21 23:41:39.575 -0600,497,7,1,5,240
2023-10-21 23:41:39.835 -0600,2023-10-21 23:41:39.835 -0600,498,11,1,9,240
2023-10-21 23:41:39.925 -0600,2023-10-21 23:41:39.925 -0600,499,16,1,16,241
2023-10-21 23:41:40.046 -0600,2023-10-21 23:41:40.046 -0600,500,16,1,16,242
2023-10-21 23:41:40.144 -0600,2023-10-21 23:41:40.144 -0600,501,11,1,9,242
2023-10-21 23:41:40.189 -0600,2023-10-21 23:41:40.189 -0600,502,9,1,11,243
2023-10-21 23:41:41.351 -0600,2023-10-21 23:41:41.351 -0600,503,11,1,9,243
2023-10-21 23:41:41.425 -0600,2023-10-21 23:41:41.425 -0600,504,9,1,11,244
2023-10-21 23:41:44.326 -0600,2023-10-21 23:41:44.326 -0600,505,11,1,9,244
2023-10-21 23:41:44.447 -0600,2023-10-21 23:41:44.447 -0600,506,9,1,11,245
2023-10-21 23:41:47.892 -0600,2023-10-21 23:41:47.892 -0600,507,11,1,9,245
2023-10-21 23:41:47.955 -0600,2023-10-21 23:41:47.955 -0600,508,17,1,17,246
2023-10-21 23:41:48.097 -0600,2023-10-21 23:41:48.097 -0600,509,12,1,12,246
2023-10-21 23:41:48.222 -0600,2023-10-21 23:41:48.222 -0600,510,9,1,11,247
2023-10-21 23:41:48.608 -0600,2023-10-21 23:41:48.608 -0600,511,11,1,9,247
2023-10-21 23:41:48.640 -0600,2023-10-21 23:41:48.640 -0600,512,9,1,11,248
2023-10-21 23:41:49.434 -0600,2023-10-21 23:41:49.434 -0600,513,11,1,9,248
