"created_date","modified_date","section_pk","section_name_id","stage_pk"
2023-10-21 23:30:37.401 -0600,2023-10-21 23:30:37.401 -0600,1,5,2
2023-10-21 23:32:15.940 -0600,2023-10-21 23:32:15.940 -0600,2,5,3
2023-10-21 23:33:18.184 -0600,2023-10-21 23:33:18.184 -0600,3,5,5
2023-10-21 23:35:12.351 -0600,2023-10-21 23:35:12.351 -0600,5,5,5
2023-10-21 23:35:34.927 -0600,2023-10-21 23:35:34.927 -0600,5,5,6
2023-10-21 23:37:00.563 -0600,2023-10-21 23:37:00.563 -0600,6,5,7
2023-10-21 23:37:00.744 -0600,2023-10-21 23:37:00.744 -0600,7,11,7
2023-10-21 23:37:00.850 -0600,2023-10-21 23:37:00.850 -0600,8,1,7
2023-10-21 23:37:00.926 -0600,2023-10-21 23:37:00.926 -0600,9,16,7
2023-10-21 23:37:00.984 -0600,2023-10-21 23:37:00.984 -0600,10,20,8
2023-10-21 23:37:01.102 -0600,2023-10-21 23:37:01.102 -0600,11,10,9
2023-10-21 23:37:02.165 -0600,2023-10-21 23:37:02.165 -0600,12,14,10
2023-10-21 23:37:02.232 -0600,2023-10-21 23:37:02.232 -0600,13,10,11
2023-10-21 23:37:03.152 -0600,2023-10-21 23:37:03.152 -0600,14,14,12
2023-10-21 23:37:03.231 -0600,2023-10-21 23:37:03.231 -0600,15,10,13
2023-10-21 23:37:04.583 -0600,2023-10-21 23:37:04.583 -0600,16,14,14
2023-10-21 23:37:04.686 -0600,2023-10-21 23:37:04.686 -0600,17,10,15
2023-10-21 23:37:06.119 -0600,2023-10-21 23:37:06.119 -0600,18,14,16
2023-10-21 23:37:06.228 -0600,2023-10-21 23:37:06.228 -0600,19,9,17
2023-10-21 23:37:06.262 -0600,2023-10-21 23:37:06.262 -0600,20,10,18
2023-10-21 23:37:06.959 -0600,2023-10-21 23:37:06.959 -0600,21,14,19
2023-10-21 23:37:07.032 -0600,2023-10-21 23:37:07.032 -0600,22,10,20
2023-10-21 23:37:07.920 -0600,2023-10-21 23:37:07.920 -0600,23,14,21
2023-10-21 23:37:07.957 -0600,2023-10-21 23:37:07.957 -0600,24,10,22
2023-10-21 23:37:09.147 -0600,2023-10-21 23:37:09.147 -0600,25,14,23
2023-10-21 23:37:09.192 -0600,2023-10-21 23:37:09.192 -0600,26,10,24
2023-10-21 23:37:09.902 -0600,2023-10-21 23:37:09.902 -0600,27,14,25
2023-10-21 23:37:09.962 -0600,2023-10-21 23:37:09.962 -0600,28,10,26
2023-10-21 23:37:10.948 -0600,2023-10-21 23:37:10.948 -0600,29,14,27
2023-10-21 23:37:11.002 -0600,2023-10-21 23:37:11.002 -0600,30,10,28
2023-10-21 23:37:12.593 -0600,2023-10-21 23:37:12.593 -0600,31,14,29
2023-10-21 23:37:12.735 -0600,2023-10-21 23:37:12.735 -0600,32,10,30
2023-10-21 23:37:13.604 -0600,2023-10-21 23:37:13.604 -0600,33,14,31
2023-10-21 23:37:13.679 -0600,2023-10-21 23:37:13.679 -0600,34,10,32
2023-10-21 23:37:15.729 -0600,2023-10-21 23:37:15.729 -0600,35,14,33
2023-10-21 23:37:15.949 -0600,2023-10-21 23:37:15.949 -0600,36,10,34
2023-10-21 23:37:16.754 -0600,2023-10-21 23:37:16.754 -0600,37,14,35
2023-10-21 23:37:16.800 -0600,2023-10-21 23:37:16.800 -0600,38,10,36
2023-10-21 23:37:20.856 -0600,2023-10-21 23:37:20.856 -0600,39,14,37
2023-10-21 23:37:20.978 -0600,2023-10-21 23:37:20.978 -0600,40,10,38
2023-10-21 23:37:21.836 -0600,2023-10-21 23:37:21.836 -0600,41,14,39
2023-10-21 23:37:21.959 -0600,2023-10-21 23:37:21.959 -0600,42,10,40
2023-10-21 23:37:23.733 -0600,2023-10-21 23:37:23.733 -0600,43,14,41
2023-10-21 23:37:23.804 -0600,2023-10-21 23:37:23.804 -0600,44,5,42
2023-10-21 23:37:23.960 -0600,2023-10-21 23:37:23.960 -0600,45,11,42
2023-10-21 23:37:24.133 -0600,2023-10-21 23:37:24.133 -0600,46,2,43
2023-10-21 23:37:24.855 -0600,2023-10-21 23:37:24.855 -0600,47,14,44
2023-10-21 23:37:24.911 -0600,2023-10-21 23:37:24.911 -0600,48,7,45
2023-10-21 23:37:25.530 -0600,2023-10-21 23:37:25.530 -0600,49,14,46
2023-10-21 23:37:25.603 -0600,2023-10-21 23:37:25.603 -0600,50,10,47
2023-10-21 23:37:26.797 -0600,2023-10-21 23:37:26.797 -0600,51,14,48
2023-10-21 23:37:26.848 -0600,2023-10-21 23:37:26.848 -0600,52,10,49
2023-10-21 23:37:28.069 -0600,2023-10-21 23:37:28.069 -0600,53,14,50
2023-10-21 23:37:28.230 -0600,2023-10-21 23:37:28.230 -0600,54,10,51
2023-10-21 23:37:29.135 -0600,2023-10-21 23:37:29.135 -0600,55,14,52
2023-10-21 23:37:29.231 -0600,2023-10-21 23:37:29.231 -0600,56,10,53
2023-10-21 23:37:30.028 -0600,2023-10-21 23:37:30.028 -0600,57,14,54
2023-10-21 23:37:30.164 -0600,2023-10-21 23:37:30.164 -0600,58,10,55
2023-10-21 23:37:31.004 -0600,2023-10-21 23:37:31.004 -0600,59,14,56
2023-10-21 23:37:31.080 -0600,2023-10-21 23:37:31.080 -0600,60,10,57
2023-10-21 23:37:31.901 -0600,2023-10-21 23:37:31.901 -0600,61,14,58
2023-10-21 23:37:32.014 -0600,2023-10-21 23:37:32.014 -0600,62,10,59
2023-10-21 23:37:32.688 -0600,2023-10-21 23:37:32.688 -0600,63,14,60
2023-10-21 23:37:32.755 -0600,2023-10-21 23:37:32.755 -0600,64,10,61
2023-10-21 23:37:34.598 -0600,2023-10-21 23:37:34.598 -0600,65,14,62
2023-10-21 23:37:34.698 -0600,2023-10-21 23:37:34.698 -0600,66,10,63
2023-10-21 23:37:36.943 -0600,2023-10-21 23:37:36.943 -0600,67,14,64
2023-10-21 23:37:37.064 -0600,2023-10-21 23:37:37.064 -0600,68,5,65
2023-10-21 23:37:37.194 -0600,2023-10-21 23:37:37.194 -0600,69,11,65
2023-10-21 23:37:37.382 -0600,2023-10-21 23:37:37.382 -0600,70,1,65
2023-10-21 23:37:37.557 -0600,2023-10-21 23:37:37.557 -0600,71,4,66
2023-10-21 23:37:37.972 -0600,2023-10-21 23:37:37.972 -0600,72,20,67
2023-10-21 23:37:38.020 -0600,2023-10-21 23:37:38.020 -0600,73,10,68
2023-10-21 23:37:41.569 -0600,2023-10-21 23:37:41.569 -0600,74,14,69
2023-10-21 23:37:41.753 -0600,2023-10-21 23:37:41.753 -0600,75,10,70
2023-10-21 23:37:42.456 -0600,2023-10-21 23:37:42.456 -0600,76,14,71
2023-10-21 23:37:42.551 -0600,2023-10-21 23:37:42.551 -0600,77,10,72
2023-10-21 23:37:44.650 -0600,2023-10-21 23:37:44.650 -0600,78,14,73
2023-10-21 23:37:44.757 -0600,2023-10-21 23:37:44.757 -0600,79,5,74
2023-10-21 23:37:44.854 -0600,2023-10-21 23:37:44.854 -0600,80,11,74
2023-10-21 23:37:44.998 -0600,2023-10-21 23:37:44.998 -0600,81,20,75
2023-10-21 23:37:45.029 -0600,2023-10-21 23:37:45.029 -0600,82,13,76
2023-10-21 23:37:46.845 -0600,2023-10-21 23:37:46.845 -0600,83,14,77
2023-10-21 23:37:46.902 -0600,2023-10-21 23:37:46.902 -0600,84,13,78
2023-10-21 23:37:48.858 -0600,2023-10-21 23:37:48.858 -0600,85,14,79
2023-10-21 23:37:48.966 -0600,2023-10-21 23:37:48.966 -0600,86,13,80
2023-10-21 23:37:50.292 -0600,2023-10-21 23:37:50.292 -0600,87,14,81
2023-10-21 23:37:50.383 -0600,2023-10-21 23:37:50.383 -0600,88,10,82
2023-10-21 23:37:52.135 -0600,2023-10-21 23:37:52.135 -0600,89,14,83
2023-10-21 23:37:52.264 -0600,2023-10-21 23:37:52.264 -0600,90,4,84
2023-10-21 23:37:52.806 -0600,2023-10-21 23:37:52.806 -0600,91,14,85
2023-10-21 23:37:53.006 -0600,2023-10-21 23:37:53.006 -0600,92,20,86
2023-10-21 23:37:53.411 -0600,2023-10-21 23:37:53.411 -0600,93,10,87
2023-10-21 23:37:54.674 -0600,2023-10-21 23:37:54.674 -0600,94,14,88
2023-10-21 23:37:54.844 -0600,2023-10-21 23:37:54.844 -0600,95,10,89
2023-10-21 23:37:55.673 -0600,2023-10-21 23:37:55.673 -0600,96,14,90
2023-10-21 23:37:55.715 -0600,2023-10-21 23:37:55.715 -0600,97,10,91
2023-10-21 23:37:58.021 -0600,2023-10-21 23:37:58.021 -0600,98,14,92
2023-10-21 23:37:58.140 -0600,2023-10-21 23:37:58.140 -0600,99,10,93
2023-10-21 23:37:59.215 -0600,2023-10-21 23:37:59.215 -0600,100,14,94
2023-10-21 23:37:59.273 -0600,2023-10-21 23:37:59.273 -0600,101,10,95
2023-10-21 23:38:00.167 -0600,2023-10-21 23:38:00.167 -0600,102,14,96
2023-10-21 23:38:00.231 -0600,2023-10-21 23:38:00.231 -0600,103,10,97
2023-10-21 23:38:01.579 -0600,2023-10-21 23:38:01.579 -0600,104,14,98
2023-10-21 23:38:01.689 -0600,2023-10-21 23:38:01.689 -0600,105,10,99
2023-10-21 23:38:02.847 -0600,2023-10-21 23:38:02.847 -0600,106,14,100
2023-10-21 23:38:02.920 -0600,2023-10-21 23:38:02.920 -0600,107,7,101
2023-10-21 23:38:03.316 -0600,2023-10-21 23:38:03.316 -0600,108,14,102
2023-10-21 23:38:03.359 -0600,2023-10-21 23:38:03.359 -0600,109,10,103
2023-10-21 23:38:03.795 -0600,2023-10-21 23:38:03.795 -0600,110,14,104
2023-10-21 23:38:03.932 -0600,2023-10-21 23:38:03.932 -0600,111,10,105
2023-10-21 23:38:05.257 -0600,2023-10-21 23:38:05.257 -0600,112,14,106
2023-10-21 23:38:05.353 -0600,2023-10-21 23:38:05.353 -0600,113,13,107
2023-10-21 23:38:06.569 -0600,2023-10-21 23:38:06.569 -0600,114,15,108
2023-10-21 23:38:06.583 -0600,2023-10-21 23:38:06.583 -0600,115,14,109
2023-10-21 23:38:06.623 -0600,2023-10-21 23:38:06.623 -0600,116,5,110
2023-10-21 23:38:06.796 -0600,2023-10-21 23:38:06.796 -0600,117,11,110
2023-10-21 23:38:06.948 -0600,2023-10-21 23:38:06.948 -0600,118,1,110
2023-10-21 23:38:07.148 -0600,2023-10-21 23:38:07.148 -0600,119,16,110
2023-10-21 23:38:07.292 -0600,2023-10-21 23:38:07.292 -0600,120,20,111
2023-10-21 23:38:07.376 -0600,2023-10-21 23:38:07.376 -0600,121,10,112
2023-10-21 23:38:08.622 -0600,2023-10-21 23:38:08.622 -0600,122,14,113
2023-10-21 23:38:08.703 -0600,2023-10-21 23:38:08.703 -0600,123,4,114
2023-10-21 23:38:09.585 -0600,2023-10-21 23:38:09.585 -0600,124,2,115
2023-10-21 23:38:09.814 -0600,2023-10-21 23:38:09.814 -0600,125,14,116
2023-10-21 23:38:09.855 -0600,2023-10-21 23:38:09.855 -0600,126,10,117
2023-10-21 23:38:11.321 -0600,2023-10-21 23:38:11.321 -0600,127,14,118
2023-10-21 23:38:11.390 -0600,2023-10-21 23:38:11.390 -0600,128,10,119
2023-10-21 23:38:15.593 -0600,2023-10-21 23:38:15.593 -0600,129,14,120
2023-10-21 23:38:15.714 -0600,2023-10-21 23:38:15.714 -0600,130,10,121
2023-10-21 23:38:16.886 -0600,2023-10-21 23:38:16.886 -0600,131,14,122
2023-10-21 23:38:16.977 -0600,2023-10-21 23:38:16.977 -0600,132,10,123
2023-10-21 23:38:19.062 -0600,2023-10-21 23:38:19.062 -0600,133,14,124
2023-10-21 23:38:19.163 -0600,2023-10-21 23:38:19.163 -0600,134,10,125
2023-10-21 23:38:20.951 -0600,2023-10-21 23:38:20.951 -0600,135,14,126
2023-10-21 23:38:21.026 -0600,2023-10-21 23:38:21.026 -0600,136,10,127
2023-10-21 23:38:22.230 -0600,2023-10-21 23:38:22.230 -0600,137,10,128
2023-10-21 23:38:23.255 -0600,2023-10-21 23:38:23.255 -0600,138,14,129
2023-10-21 23:38:23.314 -0600,2023-10-21 23:38:23.314 -0600,139,10,130
2023-10-21 23:38:25.028 -0600,2023-10-21 23:38:25.028 -0600,140,10,131
2023-10-21 23:38:26.812 -0600,2023-10-21 23:38:26.812 -0600,141,14,132
2023-10-21 23:38:26.911 -0600,2023-10-21 23:38:26.911 -0600,142,13,133
2023-10-21 23:38:27.938 -0600,2023-10-21 23:38:27.938 -0600,143,14,134
2023-10-21 23:38:28.020 -0600,2023-10-21 23:38:28.020 -0600,144,13,135
2023-10-21 23:38:30.319 -0600,2023-10-21 23:38:30.319 -0600,145,14,136
2023-10-21 23:38:30.378 -0600,2023-10-21 23:38:30.378 -0600,146,13,137
2023-10-21 23:38:34.936 -0600,2023-10-21 23:38:34.936 -0600,147,14,138
2023-10-21 23:38:35.037 -0600,2023-10-21 23:38:35.037 -0600,148,14,139
2023-10-21 23:38:35.109 -0600,2023-10-21 23:38:35.109 -0600,149,10,140
2023-10-21 23:38:35.674 -0600,2023-10-21 23:38:35.674 -0600,150,14,141
2023-10-21 23:38:35.746 -0600,2023-10-21 23:38:35.746 -0600,151,10,142
2023-10-21 23:38:36.549 -0600,2023-10-21 23:38:36.549 -0600,152,14,143
2023-10-21 23:38:36.594 -0600,2023-10-21 23:38:36.594 -0600,153,20,144
2023-10-21 23:38:36.937 -0600,2023-10-21 23:38:36.937 -0600,154,10,145
2023-10-21 23:38:39.816 -0600,2023-10-21 23:38:39.816 -0600,155,14,146
2023-10-21 23:38:40.033 -0600,2023-10-21 23:38:40.033 -0600,156,4,147
2023-10-21 23:38:40.414 -0600,2023-10-21 23:38:40.414 -0600,157,2,148
2023-10-21 23:38:40.700 -0600,2023-10-21 23:38:40.700 -0600,158,14,149
2023-10-21 23:38:40.822 -0600,2023-10-21 23:38:40.822 -0600,159,10,150
2023-10-21 23:38:41.899 -0600,2023-10-21 23:38:41.899 -0600,160,14,151
2023-10-21 23:38:41.986 -0600,2023-10-21 23:38:41.986 -0600,161,5,152
2023-10-21 23:38:42.194 -0600,2023-10-21 23:38:42.194 -0600,162,11,152
2023-10-21 23:38:42.374 -0600,2023-10-21 23:38:42.374 -0600,163,1,152
2023-10-21 23:38:42.532 -0600,2023-10-21 23:38:42.532 -0600,164,4,153
2023-10-21 23:38:42.908 -0600,2023-10-21 23:38:42.908 -0600,165,20,154
2023-10-21 23:38:42.948 -0600,2023-10-21 23:38:42.948 -0600,166,10,155
2023-10-21 23:38:43.964 -0600,2023-10-21 23:38:43.964 -0600,167,14,156
2023-10-21 23:38:44.005 -0600,2023-10-21 23:38:44.005 -0600,168,10,157
2023-10-21 23:38:45.250 -0600,2023-10-21 23:38:45.250 -0600,169,14,158
2023-10-21 23:38:45.321 -0600,2023-10-21 23:38:45.321 -0600,170,5,159
2023-10-21 23:38:45.390 -0600,2023-10-21 23:38:45.390 -0600,171,11,159
2023-10-21 23:38:45.465 -0600,2023-10-21 23:38:45.465 -0600,172,1,159
2023-10-21 23:38:45.505 -0600,2023-10-21 23:38:45.505 -0600,173,16,159
2023-10-21 23:38:45.556 -0600,2023-10-21 23:38:45.556 -0600,174,20,160
2023-10-21 23:38:45.639 -0600,2023-10-21 23:38:45.639 -0600,175,10,161
2023-10-21 23:38:46.687 -0600,2023-10-21 23:38:46.687 -0600,176,14,162
2023-10-21 23:38:46.756 -0600,2023-10-21 23:38:46.757 -0600,177,10,163
2023-10-21 23:38:48.225 -0600,2023-10-21 23:38:48.225 -0600,178,14,164
2023-10-21 23:38:48.437 -0600,2023-10-21 23:38:48.437 -0600,179,10,165
2023-10-21 23:38:49.561 -0600,2023-10-21 23:38:49.561 -0600,180,14,166
2023-10-21 23:38:49.647 -0600,2023-10-21 23:38:49.647 -0600,181,5,167
2023-10-21 23:38:49.800 -0600,2023-10-21 23:38:49.800 -0600,182,11,167
2023-10-21 23:38:49.987 -0600,2023-10-21 23:38:49.987 -0600,183,14,168
2023-10-21 23:38:50.119 -0600,2023-10-21 23:38:50.119 -0600,184,10,169
2023-10-21 23:38:51.034 -0600,2023-10-21 23:38:51.034 -0600,185,14,170
2023-10-21 23:38:51.104 -0600,2023-10-21 23:38:51.104 -0600,186,10,171
2023-10-21 23:38:52.468 -0600,2023-10-21 23:38:52.468 -0600,187,14,172
2023-10-21 23:38:52.660 -0600,2023-10-21 23:38:52.660 -0600,188,10,173
2023-10-21 23:38:53.692 -0600,2023-10-21 23:38:53.692 -0600,189,14,174
2023-10-21 23:38:53.760 -0600,2023-10-21 23:38:53.760 -0600,190,13,175
2023-10-21 23:38:55.919 -0600,2023-10-21 23:38:55.919 -0600,191,14,176
2023-10-21 23:38:56.021 -0600,2023-10-21 23:38:56.021 -0600,192,10,177
2023-10-21 23:38:57.141 -0600,2023-10-21 23:38:57.141 -0600,193,14,178
2023-10-21 23:38:57.214 -0600,2023-10-21 23:38:57.214 -0600,194,10,179
2023-10-21 23:38:57.758 -0600,2023-10-21 23:38:57.758 -0600,195,5,180
2023-10-21 23:38:57.838 -0600,2023-10-21 23:38:57.838 -0600,196,11,180
2023-10-21 23:38:57.901 -0600,2023-10-21 23:38:57.901 -0600,197,14,181
2023-10-21 23:38:57.969 -0600,2023-10-21 23:38:57.969 -0600,198,4,182
2023-10-21 23:38:58.491 -0600,2023-10-21 23:38:58.491 -0600,199,14,183
2023-10-21 23:38:58.701 -0600,2023-10-21 23:38:58.701 -0600,200,10,184
2023-10-21 23:38:59.503 -0600,2023-10-21 23:38:59.503 -0600,201,14,185
2023-10-21 23:38:59.534 -0600,2023-10-21 23:38:59.534 -0600,202,10,186
2023-10-21 23:39:01.047 -0600,2023-10-21 23:39:01.047 -0600,203,14,187
2023-10-21 23:39:01.162 -0600,2023-10-21 23:39:01.162 -0600,204,10,188
2023-10-21 23:39:02.352 -0600,2023-10-21 23:39:02.352 -0600,205,14,189
2023-10-21 23:39:02.426 -0600,2023-10-21 23:39:02.426 -0600,206,5,190
2023-10-21 23:39:02.703 -0600,2023-10-21 23:39:02.703 -0600,207,11,190
2023-10-21 23:39:02.930 -0600,2023-10-21 23:39:02.930 -0600,208,18,191
2023-10-21 23:39:02.991 -0600,2023-10-21 23:39:02.991 -0600,209,5,192
2023-10-21 23:39:03.137 -0600,2023-10-21 23:39:03.137 -0600,210,11,192
2023-10-21 23:39:03.350 -0600,2023-10-21 23:39:03.350 -0600,211,1,192
2023-10-21 23:39:03.588 -0600,2023-10-21 23:39:03.588 -0600,212,16,192
2023-10-21 23:39:03.790 -0600,2023-10-21 23:39:03.790 -0600,213,20,193
2023-10-21 23:39:03.924 -0600,2023-10-21 23:39:03.924 -0600,214,5,194
2023-10-21 23:39:04.032 -0600,2023-10-21 23:39:04.032 -0600,215,11,194
2023-10-21 23:39:04.154 -0600,2023-10-21 23:39:04.154 -0600,216,1,194
2023-10-21 23:39:04.328 -0600,2023-10-21 23:39:04.328 -0600,217,16,194
2023-10-21 23:39:04.483 -0600,2023-10-21 23:39:04.483 -0600,218,20,195
2023-10-21 23:39:04.519 -0600,2023-10-21 23:39:04.519 -0600,219,14,196
2023-10-21 23:39:04.556 -0600,2023-10-21 23:39:04.556 -0600,220,13,197
2023-10-21 23:39:06.648 -0600,2023-10-21 23:39:06.648 -0600,221,14,198
2023-10-21 23:39:06.750 -0600,2023-10-21 23:39:06.750 -0600,222,14,199
2023-10-21 23:39:06.827 -0600,2023-10-21 23:39:06.827 -0600,223,17,200
2023-10-21 23:39:07.914 -0600,2023-10-21 23:39:07.914 -0600,224,14,201
2023-10-21 23:39:08.009 -0600,2023-10-21 23:39:08.009 -0600,225,10,202
2023-10-21 23:39:08.454 -0600,2023-10-21 23:39:08.454 -0600,226,14,203
2023-10-21 23:39:08.509 -0600,2023-10-21 23:39:08.509 -0600,227,12,204
2023-10-21 23:39:08.587 -0600,2023-10-21 23:39:08.587 -0600,228,10,205
2023-10-21 23:39:09.660 -0600,2023-10-21 23:39:09.660 -0600,229,14,206
2023-10-21 23:39:09.720 -0600,2023-10-21 23:39:09.720 -0600,230,10,207
2023-10-21 23:39:10.187 -0600,2023-10-21 23:39:10.187 -0600,231,10,208
2023-10-21 23:39:10.581 -0600,2023-10-21 23:39:10.581 -0600,232,10,208
2023-10-21 23:39:10.978 -0600,2023-10-21 23:39:10.978 -0600,233,10,208
2023-10-21 23:39:10.988 -0600,2023-10-21 23:39:10.988 -0600,234,14,209
2023-10-21 23:39:11.086 -0600,2023-10-21 23:39:11.086 -0600,235,10,210
2023-10-21 23:39:12.446 -0600,2023-10-21 23:39:12.446 -0600,236,14,211
2023-10-21 23:39:12.536 -0600,2023-10-21 23:39:12.536 -0600,237,10,212
2023-10-21 23:39:13.796 -0600,2023-10-21 23:39:13.796 -0600,238,14,213
2023-10-21 23:39:13.897 -0600,2023-10-21 23:39:13.897 -0600,239,10,214
2023-10-21 23:39:14.630 -0600,2023-10-21 23:39:14.630 -0600,240,14,215
2023-10-21 23:39:14.698 -0600,2023-10-21 23:39:14.698 -0600,241,4,216
2023-10-21 23:39:15.428 -0600,2023-10-21 23:39:15.428 -0600,242,2,217
2023-10-21 23:39:15.576 -0600,2023-10-21 23:39:15.576 -0600,243,14,218
2023-10-21 23:39:15.625 -0600,2023-10-21 23:39:15.625 -0600,244,10,219
2023-10-21 23:39:16.075 -0600,2023-10-21 23:39:16.075 -0600,245,14,220
2023-10-21 23:39:16.121 -0600,2023-10-21 23:39:16.121 -0600,246,10,221
2023-10-21 23:39:16.558 -0600,2023-10-21 23:39:16.558 -0600,247,14,222
2023-10-21 23:39:16.687 -0600,2023-10-21 23:39:16.687 -0600,248,10,223
2023-10-21 23:39:17.544 -0600,2023-10-21 23:39:17.544 -0600,249,14,224
2023-10-21 23:39:17.601 -0600,2023-10-21 23:39:17.601 -0600,250,10,225
2023-10-21 23:39:19.393 -0600,2023-10-21 23:39:19.393 -0600,251,14,226
2023-10-21 23:39:19.449 -0600,2023-10-21 23:39:19.449 -0600,252,10,227
2023-10-21 23:39:20.201 -0600,2023-10-21 23:39:20.201 -0600,253,14,228
2023-10-21 23:39:20.252 -0600,2023-10-21 23:39:20.252 -0600,254,10,229
2023-10-21 23:39:20.932 -0600,2023-10-21 23:39:20.932 -0600,255,14,230
2023-10-21 23:39:20.996 -0600,2023-10-21 23:39:20.996 -0600,256,13,231
2023-10-21 23:39:21.384 -0600,2023-10-21 23:39:21.384 -0600,257,14,232
2023-10-21 23:39:21.426 -0600,2023-10-21 23:39:21.426 -0600,258,7,233
2023-10-21 23:39:21.743 -0600,2023-10-21 23:39:21.743 -0600,259,14,234
2023-10-21 23:39:21.786 -0600,2023-10-21 23:39:21.786 -0600,260,5,235
2023-10-21 23:39:21.965 -0600,2023-10-21 23:39:21.965 -0600,261,11,235
2023-10-21 23:39:22.095 -0600,2023-10-21 23:39:22.095 -0600,262,1,235
2023-10-21 23:39:22.258 -0600,2023-10-21 23:39:22.258 -0600,263,16,235
2023-10-21 23:39:22.413 -0600,2023-10-21 23:39:22.413 -0600,264,8,236
2023-10-21 23:39:22.472 -0600,2023-10-21 23:39:22.472 -0600,265,5,237
2023-10-21 23:39:22.668 -0600,2023-10-21 23:39:22.668 -0600,266,11,237
2023-10-21 23:39:22.855 -0600,2023-10-21 23:39:22.855 -0600,267,1,237
2023-10-21 23:39:23.030 -0600,2023-10-21 23:39:23.030 -0600,268,16,237
2023-10-21 23:39:23.194 -0600,2023-10-21 23:39:23.194 -0600,269,14,238
2023-10-21 23:39:23.283 -0600,2023-10-21 23:39:23.283 -0600,270,5,239
2023-10-21 23:39:23.369 -0600,2023-10-21 23:39:23.369 -0600,271,11,239
2023-10-21 23:39:23.461 -0600,2023-10-21 23:39:23.461 -0600,272,1,239
2023-10-21 23:39:23.511 -0600,2023-10-21 23:39:23.511 -0600,273,16,239
2023-10-21 23:39:23.579 -0600,2023-10-21 23:39:23.579 -0600,274,20,240
2023-10-21 23:39:23.683 -0600,2023-10-21 23:39:23.683 -0600,275,5,241
2023-10-21 23:39:23.835 -0600,2023-10-21 23:39:23.835 -0600,276,11,241
2023-10-21 23:39:23.990 -0600,2023-10-21 23:39:23.990 -0600,277,18,242
2023-10-21 23:39:24.047 -0600,2023-10-21 23:39:24.047 -0600,278,5,243
2023-10-21 23:39:24.228 -0600,2023-10-21 23:39:24.228 -0600,279,11,243
2023-10-21 23:39:24.448 -0600,2023-10-21 23:39:24.448 -0600,280,1,243
2023-10-21 23:39:24.632 -0600,2023-10-21 23:39:24.632 -0600,281,16,243
2023-10-21 23:39:24.909 -0600,2023-10-21 23:39:24.909 -0600,282,14,244
2023-10-21 23:39:25.031 -0600,2023-10-21 23:39:25.031 -0600,283,4,245
2023-10-21 23:39:25.527 -0600,2023-10-21 23:39:25.527 -0600,284,2,246
2023-10-21 23:39:25.930 -0600,2023-10-21 23:39:25.930 -0600,285,14,247
2023-10-21 23:39:26.089 -0600,2023-10-21 23:39:26.089 -0600,286,10,248
2023-10-21 23:39:26.967 -0600,2023-10-21 23:39:26.967 -0600,287,14,249
2023-10-21 23:39:27.052 -0600,2023-10-21 23:39:27.052 -0600,288,10,250
2023-10-21 23:39:27.674 -0600,2023-10-21 23:39:27.674 -0600,289,14,251
2023-10-21 23:39:27.744 -0600,2023-10-21 23:39:27.744 -0600,290,7,252
2023-10-21 23:39:28.457 -0600,2023-10-21 23:39:28.457 -0600,291,14,253
2023-10-21 23:39:28.546 -0600,2023-10-21 23:39:28.546 -0600,292,5,254
2023-10-21 23:39:28.764 -0600,2023-10-21 23:39:28.764 -0600,293,11,254
2023-10-21 23:39:28.973 -0600,2023-10-21 23:39:28.973 -0600,294,1,254
2023-10-21 23:39:29.172 -0600,2023-10-21 23:39:29.172 -0600,295,16,254
2023-10-21 23:39:29.335 -0600,2023-10-21 23:39:29.335 -0600,296,18,255
2023-10-21 23:39:29.403 -0600,2023-10-21 23:39:29.403 -0600,297,9,256
2023-10-21 23:39:29.488 -0600,2023-10-21 23:39:29.488 -0600,298,10,257
2023-10-21 23:39:29.892 -0600,2023-10-21 23:39:29.892 -0600,299,20,258
2023-10-21 23:39:29.987 -0600,2023-10-21 23:39:29.987 -0600,300,5,259
2023-10-21 23:39:30.170 -0600,2023-10-21 23:39:30.170 -0600,301,11,259
2023-10-21 23:39:30.309 -0600,2023-10-21 23:39:30.309 -0600,302,19,260
2023-10-21 23:39:30.426 -0600,2023-10-21 23:39:30.426 -0600,303,9,261
2023-10-21 23:39:30.447 -0600,2023-10-21 23:39:30.447 -0600,304,13,262
2023-10-21 23:39:31.116 -0600,2023-10-21 23:39:31.116 -0600,305,13,262
2023-10-21 23:39:31.239 -0600,2023-10-21 23:39:31.239 -0600,306,14,263
2023-10-21 23:39:31.285 -0600,2023-10-21 23:39:31.285 -0600,307,20,264
2023-10-21 23:39:31.305 -0600,2023-10-21 23:39:31.305 -0600,308,9,265
2023-10-21 23:39:31.324 -0600,2023-10-21 23:39:31.324 -0600,309,9,266
2023-10-21 23:39:31.347 -0600,2023-10-21 23:39:31.347 -0600,310,5,267
2023-10-21 23:39:31.396 -0600,2023-10-21 23:39:31.396 -0600,311,11,267
2023-10-21 23:39:31.438 -0600,2023-10-21 23:39:31.438 -0600,312,20,268
2023-10-21 23:39:31.485 -0600,2023-10-21 23:39:31.485 -0600,313,5,269
2023-10-21 23:39:31.615 -0600,2023-10-21 23:39:31.615 -0600,314,11,269
2023-10-21 23:39:31.756 -0600,2023-10-21 23:39:31.756 -0600,315,1,269
2023-10-21 23:39:31.986 -0600,2023-10-21 23:39:31.986 -0600,316,16,269
2023-10-21 23:39:32.230 -0600,2023-10-21 23:39:32.230 -0600,317,18,270
2023-10-21 23:39:32.289 -0600,2023-10-21 23:39:32.289 -0600,318,5,271
2023-10-21 23:39:32.453 -0600,2023-10-21 23:39:32.453 -0600,319,11,271
2023-10-21 23:39:32.588 -0600,2023-10-21 23:39:32.588 -0600,320,1,271
2023-10-21 23:39:32.761 -0600,2023-10-21 23:39:32.761 -0600,321,16,271
2023-10-21 23:39:32.939 -0600,2023-10-21 23:39:32.939 -0600,322,20,272
2023-10-21 23:39:33.003 -0600,2023-10-21 23:39:33.003 -0600,323,14,273
2023-10-21 23:39:33.176 -0600,2023-10-21 23:39:33.176 -0600,324,10,274
2023-10-21 23:39:34.789 -0600,2023-10-21 23:39:34.789 -0600,325,14,275
2023-10-21 23:39:34.952 -0600,2023-10-21 23:39:34.952 -0600,326,10,276
2023-10-21 23:39:35.431 -0600,2023-10-21 23:39:35.431 -0600,327,14,277
2023-10-21 23:39:35.561 -0600,2023-10-21 23:39:35.561 -0600,328,10,278
2023-10-21 23:39:37.040 -0600,2023-10-21 23:39:37.040 -0600,329,14,279
2023-10-21 23:39:37.263 -0600,2023-10-21 23:39:37.263 -0600,330,10,280
2023-10-21 23:39:37.801 -0600,2023-10-21 23:39:37.801 -0600,331,5,281
2023-10-21 23:39:37.854 -0600,2023-10-21 23:39:37.854 -0600,332,11,281
2023-10-21 23:39:37.907 -0600,2023-10-21 23:39:37.907 -0600,333,14,282
2023-10-21 23:39:37.941 -0600,2023-10-21 23:39:37.941 -0600,334,20,283
2023-10-21 23:39:38.104 -0600,2023-10-21 23:39:38.104 -0600,335,20,284
2023-10-21 23:39:38.306 -0600,2023-10-21 23:39:38.306 -0600,336,17,285
2023-10-21 23:39:38.820 -0600,2023-10-21 23:39:38.820 -0600,337,14,286
2023-10-21 23:39:39.014 -0600,2023-10-21 23:39:39.014 -0600,338,10,287
2023-10-21 23:39:39.431 -0600,2023-10-21 23:39:39.431 -0600,339,5,288
2023-10-21 23:39:39.526 -0600,2023-10-21 23:39:39.526 -0600,340,11,288
2023-10-21 23:39:39.608 -0600,2023-10-21 23:39:39.608 -0600,341,14,289
2023-10-21 23:39:39.704 -0600,2023-10-21 23:39:39.704 -0600,342,10,290
2023-10-21 23:39:42.176 -0600,2023-10-21 23:39:42.176 -0600,343,14,291
2023-10-21 23:39:42.389 -0600,2023-10-21 23:39:42.389 -0600,344,10,292
2023-10-21 23:39:43.595 -0600,2023-10-21 23:39:43.595 -0600,345,14,293
2023-10-21 23:39:43.704 -0600,2023-10-21 23:39:43.704 -0600,346,10,294
2023-10-21 23:39:45.016 -0600,2023-10-21 23:39:45.016 -0600,347,14,295
2023-10-21 23:39:45.100 -0600,2023-10-21 23:39:45.100 -0600,348,20,296
2023-10-21 23:39:45.414 -0600,2023-10-21 23:39:45.414 -0600,349,7,297
2023-10-21 23:39:47.066 -0600,2023-10-21 23:39:47.066 -0600,350,14,298
2023-10-21 23:39:47.242 -0600,2023-10-21 23:39:47.242 -0600,351,10,299
2023-10-21 23:39:48.031 -0600,2023-10-21 23:39:48.031 -0600,352,14,300
2023-10-21 23:39:48.081 -0600,2023-10-21 23:39:48.081 -0600,353,20,301
2023-10-21 23:39:48.415 -0600,2023-10-21 23:39:48.415 -0600,354,7,302
2023-10-21 23:39:49.093 -0600,2023-10-21 23:39:49.093 -0600,355,14,303
2023-10-21 23:39:49.178 -0600,2023-10-21 23:39:49.178 -0600,356,7,304
2023-10-21 23:39:50.888 -0600,2023-10-21 23:39:50.888 -0600,357,14,305
2023-10-21 23:39:50.994 -0600,2023-10-21 23:39:50.994 -0600,358,10,306
2023-10-21 23:39:52.293 -0600,2023-10-21 23:39:52.293 -0600,359,14,307
2023-10-21 23:39:52.359 -0600,2023-10-21 23:39:52.359 -0600,360,10,308
2023-10-21 23:39:53.166 -0600,2023-10-21 23:39:53.166 -0600,361,14,309
2023-10-21 23:39:53.236 -0600,2023-10-21 23:39:53.236 -0600,362,10,310
2023-10-21 23:39:55.222 -0600,2023-10-21 23:39:55.222 -0600,363,14,311
2023-10-21 23:39:55.426 -0600,2023-10-21 23:39:55.426 -0600,364,10,312
2023-10-21 23:39:57.783 -0600,2023-10-21 23:39:57.783 -0600,365,14,313
2023-10-21 23:39:57.969 -0600,2023-10-21 23:39:57.969 -0600,366,5,314
2023-10-21 23:39:58.114 -0600,2023-10-21 23:39:58.114 -0600,367,11,314
2023-10-21 23:39:58.271 -0600,2023-10-21 23:39:58.271 -0600,368,1,314
2023-10-21 23:39:58.434 -0600,2023-10-21 23:39:58.434 -0600,369,16,314
2023-10-21 23:39:58.589 -0600,2023-10-21 23:39:58.589 -0600,370,18,315
2023-10-21 23:39:58.643 -0600,2023-10-21 23:39:58.643 -0600,371,5,316
2023-10-21 23:39:58.703 -0600,2023-10-21 23:39:58.703 -0600,372,11,316
2023-10-21 23:39:58.784 -0600,2023-10-21 23:39:58.784 -0600,373,1,316
2023-10-21 23:39:58.858 -0600,2023-10-21 23:39:58.858 -0600,374,16,316
2023-10-21 23:39:58.924 -0600,2023-10-21 23:39:58.924 -0600,375,14,317
2023-10-21 23:39:59.021 -0600,2023-10-21 23:39:59.021 -0600,376,10,318
2023-10-21 23:39:59.810 -0600,2023-10-21 23:39:59.810 -0600,377,14,319
2023-10-21 23:39:59.877 -0600,2023-10-21 23:39:59.877 -0600,378,10,320
2023-10-21 23:40:00.399 -0600,2023-10-21 23:40:00.399 -0600,379,10,321
2023-10-21 23:40:00.785 -0600,2023-10-21 23:40:00.785 -0600,380,20,322
2023-10-21 23:40:00.822 -0600,2023-10-21 23:40:00.822 -0600,381,10,323
2023-10-21 23:40:01.472 -0600,2023-10-21 23:40:01.472 -0600,382,14,324
2023-10-21 23:40:01.528 -0600,2023-10-21 23:40:01.528 -0600,383,10,325
2023-10-21 23:40:02.875 -0600,2023-10-21 23:40:02.875 -0600,384,14,326
2023-10-21 23:40:02.961 -0600,2023-10-21 23:40:02.961 -0600,385,10,327
2023-10-21 23:40:03.813 -0600,2023-10-21 23:40:03.813 -0600,386,14,328
2023-10-21 23:40:03.879 -0600,2023-10-21 23:40:03.879 -0600,387,13,329
2023-10-21 23:40:05.414 -0600,2023-10-21 23:40:05.414 -0600,388,14,330
2023-10-21 23:40:05.479 -0600,2023-10-21 23:40:05.479 -0600,389,13,331
2023-10-21 23:40:08.343 -0600,2023-10-21 23:40:08.343 -0600,390,14,332
2023-10-21 23:40:08.523 -0600,2023-10-21 23:40:08.523 -0600,391,13,333
2023-10-21 23:40:10.187 -0600,2023-10-21 23:40:10.187 -0600,392,14,334
2023-10-21 23:40:10.258 -0600,2023-10-21 23:40:10.258 -0600,393,10,335
2023-10-21 23:40:11.133 -0600,2023-10-21 23:40:11.133 -0600,394,14,336
2023-10-21 23:40:11.208 -0600,2023-10-21 23:40:11.208 -0600,395,10,337
2023-10-21 23:40:12.379 -0600,2023-10-21 23:40:12.379 -0600,396,14,338
2023-10-21 23:40:12.435 -0600,2023-10-21 23:40:12.435 -0600,397,5,339
2023-10-21 23:40:12.635 -0600,2023-10-21 23:40:12.635 -0600,398,11,339
2023-10-21 23:40:12.808 -0600,2023-10-21 23:40:12.808 -0600,399,1,339
2023-10-21 23:40:12.946 -0600,2023-10-21 23:40:12.946 -0600,400,16,339
2023-10-21 23:40:13.092 -0600,2023-10-21 23:40:13.092 -0600,401,14,340
2023-10-21 23:40:13.177 -0600,2023-10-21 23:40:13.177 -0600,402,10,341
2023-10-21 23:40:14.096 -0600,2023-10-21 23:40:14.096 -0600,403,14,342
2023-10-21 23:40:14.155 -0600,2023-10-21 23:40:14.155 -0600,404,10,343
2023-10-21 23:40:15.618 -0600,2023-10-21 23:40:15.618 -0600,405,14,344
2023-10-21 23:40:15.726 -0600,2023-10-21 23:40:15.726 -0600,406,20,345
2023-10-21 23:40:15.866 -0600,2023-10-21 23:40:15.866 -0600,407,9,346
2023-10-21 23:40:15.928 -0600,2023-10-21 23:40:15.928 -0600,408,10,347
2023-10-21 23:40:17.038 -0600,2023-10-21 23:40:17.038 -0600,409,10,348
2023-10-21 23:40:17.937 -0600,2023-10-21 23:40:17.937 -0600,410,14,349
2023-10-21 23:40:18.004 -0600,2023-10-21 23:40:18.004 -0600,411,4,350
2023-10-21 23:40:19.778 -0600,2023-10-21 23:40:19.778 -0600,412,14,351
2023-10-21 23:40:19.950 -0600,2023-10-21 23:40:19.950 -0600,413,10,352
2023-10-21 23:40:22.967 -0600,2023-10-21 23:40:22.967 -0600,414,14,353
2023-10-21 23:40:23.345 -0600,2023-10-21 23:40:23.345 -0600,415,4,354
2023-10-21 23:40:23.814 -0600,2023-10-21 23:40:23.814 -0600,416,2,355
2023-10-21 23:40:24.178 -0600,2023-10-21 23:40:24.178 -0600,417,14,356
2023-10-21 23:40:24.333 -0600,2023-10-21 23:40:24.333 -0600,418,17,357
2023-10-21 23:40:25.679 -0600,2023-10-21 23:40:25.679 -0600,419,14,358
2023-10-21 23:40:25.803 -0600,2023-10-21 23:40:25.803 -0600,420,4,359
2023-10-21 23:40:26.635 -0600,2023-10-21 23:40:26.635 -0600,421,2,360
2023-10-21 23:40:26.826 -0600,2023-10-21 23:40:26.826 -0600,422,14,361
2023-10-21 23:40:26.863 -0600,2023-10-21 23:40:26.863 -0600,423,10,362
2023-10-21 23:40:27.626 -0600,2023-10-21 23:40:27.626 -0600,424,14,363
2023-10-21 23:40:27.743 -0600,2023-10-21 23:40:27.743 -0600,425,13,364
2023-10-21 23:40:29.859 -0600,2023-10-21 23:40:29.859 -0600,426,14,365
2023-10-21 23:40:29.974 -0600,2023-10-21 23:40:29.974 -0600,427,5,366
2023-10-21 23:40:30.137 -0600,2023-10-21 23:40:30.137 -0600,428,11,366
2023-10-21 23:40:30.292 -0600,2023-10-21 23:40:30.292 -0600,429,18,367
2023-10-21 23:40:30.330 -0600,2023-10-21 23:40:30.330 -0600,430,5,368
2023-10-21 23:40:30.529 -0600,2023-10-21 23:40:30.529 -0600,431,11,368
2023-10-21 23:40:30.721 -0600,2023-10-21 23:40:30.721 -0600,432,1,368
2023-10-21 23:40:30.857 -0600,2023-10-21 23:40:30.857 -0600,433,16,368
2023-10-21 23:40:31.019 -0600,2023-10-21 23:40:31.019 -0600,434,14,369
2023-10-21 23:40:31.120 -0600,2023-10-21 23:40:31.120 -0600,435,13,370
2023-10-21 23:40:33.103 -0600,2023-10-21 23:40:33.103 -0600,436,14,371
2023-10-21 23:40:33.179 -0600,2023-10-21 23:40:33.179 -0600,437,10,372
2023-10-21 23:40:33.970 -0600,2023-10-21 23:40:33.970 -0600,438,14,373
2023-10-21 23:40:34.109 -0600,2023-10-21 23:40:34.109 -0600,439,10,374
2023-10-21 23:40:34.622 -0600,2023-10-21 23:40:34.622 -0600,440,5,375
2023-10-21 23:40:34.688 -0600,2023-10-21 23:40:34.688 -0600,441,11,375
2023-10-21 23:40:34.752 -0600,2023-10-21 23:40:34.752 -0600,442,14,376
2023-10-21 23:40:34.800 -0600,2023-10-21 23:40:34.800 -0600,443,10,377
2023-10-21 23:40:36.076 -0600,2023-10-21 23:40:36.076 -0600,444,14,378
2023-10-21 23:40:36.198 -0600,2023-10-21 23:40:36.198 -0600,445,10,379
2023-10-21 23:40:37.217 -0600,2023-10-21 23:40:37.217 -0600,446,14,380
2023-10-21 23:40:37.279 -0600,2023-10-21 23:40:37.279 -0600,447,10,381
2023-10-21 23:40:38.185 -0600,2023-10-21 23:40:38.185 -0600,448,10,382
2023-10-21 23:40:40.707 -0600,2023-10-21 23:40:40.707 -0600,449,14,383
2023-10-21 23:40:40.823 -0600,2023-10-21 23:40:40.823 -0600,450,5,384
2023-10-21 23:40:40.880 -0600,2023-10-21 23:40:40.880 -0600,451,11,384
2023-10-21 23:40:40.943 -0600,2023-10-21 23:40:40.943 -0600,452,1,384
2023-10-21 23:40:41.018 -0600,2023-10-21 23:40:41.018 -0600,453,16,384
2023-10-21 23:40:41.104 -0600,2023-10-21 23:40:41.104 -0600,454,20,385
2023-10-21 23:40:41.206 -0600,2023-10-21 23:40:41.206 -0600,455,10,386
2023-10-21 23:40:42.166 -0600,2023-10-21 23:40:42.166 -0600,456,14,387
2023-10-21 23:40:42.237 -0600,2023-10-21 23:40:42.237 -0600,457,10,388
2023-10-21 23:40:43.714 -0600,2023-10-21 23:40:43.714 -0600,458,14,389
2023-10-21 23:40:43.841 -0600,2023-10-21 23:40:43.841 -0600,459,10,390
2023-10-21 23:40:44.339 -0600,2023-10-21 23:40:44.340 -0600,460,14,391
2023-10-21 23:40:44.557 -0600,2023-10-21 23:40:44.557 -0600,461,10,392
2023-10-21 23:40:45.589 -0600,2023-10-21 23:40:45.589 -0600,462,14,393
2023-10-21 23:40:45.640 -0600,2023-10-21 23:40:45.640 -0600,463,10,394
2023-10-21 23:40:46.477 -0600,2023-10-21 23:40:46.477 -0600,464,14,395
2023-10-21 23:40:46.538 -0600,2023-10-21 23:40:46.538 -0600,465,4,396
2023-10-21 23:40:46.995 -0600,2023-10-21 23:40:46.995 -0600,466,2,397
2023-10-21 23:40:47.357 -0600,2023-10-21 23:40:47.357 -0600,467,14,398
2023-10-21 23:40:47.511 -0600,2023-10-21 23:40:47.511 -0600,468,10,399
2023-10-21 23:40:49.201 -0600,2023-10-21 23:40:49.201 -0600,469,14,400
2023-10-21 23:40:49.247 -0600,2023-10-21 23:40:49.247 -0600,470,10,401
2023-10-21 23:40:50.257 -0600,2023-10-21 23:40:50.257 -0600,471,14,402
2023-10-21 23:40:50.356 -0600,2023-10-21 23:40:50.356 -0600,472,13,403
2023-10-21 23:40:50.680 -0600,2023-10-21 23:40:50.680 -0600,473,14,404
2023-10-21 23:40:50.718 -0600,2023-10-21 23:40:50.718 -0600,474,10,405
2023-10-21 23:40:51.352 -0600,2023-10-21 23:40:51.352 -0600,475,14,406
2023-10-21 23:40:51.403 -0600,2023-10-21 23:40:51.403 -0600,476,10,407
2023-10-21 23:40:52.304 -0600,2023-10-21 23:40:52.304 -0600,477,14,408
2023-10-21 23:40:52.401 -0600,2023-10-21 23:40:52.401 -0600,478,10,409
2023-10-21 23:40:53.383 -0600,2023-10-21 23:40:53.383 -0600,479,14,410
2023-10-21 23:40:53.445 -0600,2023-10-21 23:40:53.445 -0600,480,13,411
2023-10-21 23:40:55.112 -0600,2023-10-21 23:40:55.112 -0600,481,14,412
2023-10-21 23:40:55.163 -0600,2023-10-21 23:40:55.163 -0600,482,7,413
2023-10-21 23:40:56.570 -0600,2023-10-21 23:40:56.570 -0600,483,14,414
2023-10-21 23:40:56.717 -0600,2023-10-21 23:40:56.717 -0600,484,10,415
2023-10-21 23:40:57.475 -0600,2023-10-21 23:40:57.476 -0600,485,14,416
2023-10-21 23:40:57.589 -0600,2023-10-21 23:40:57.589 -0600,486,10,417
2023-10-21 23:40:58.609 -0600,2023-10-21 23:40:58.609 -0600,487,14,418
2023-10-21 23:40:58.684 -0600,2023-10-21 23:40:58.684 -0600,488,10,419
2023-10-21 23:40:59.478 -0600,2023-10-21 23:40:59.478 -0600,489,14,420
2023-10-21 23:40:59.540 -0600,2023-10-21 23:40:59.540 -0600,490,5,421
2023-10-21 23:40:59.703 -0600,2023-10-21 23:40:59.703 -0600,491,11,421
2023-10-21 23:40:59.816 -0600,2023-10-21 23:40:59.816 -0600,492,1,421
2023-10-21 23:40:59.959 -0600,2023-10-21 23:40:59.959 -0600,493,16,421
2023-10-21 23:41:00.055 -0600,2023-10-21 23:41:00.055 -0600,494,14,422
2023-10-21 23:41:00.117 -0600,2023-10-21 23:41:00.117 -0600,495,10,423
2023-10-21 23:41:01.029 -0600,2023-10-21 23:41:01.029 -0600,496,14,424
2023-10-21 23:41:01.125 -0600,2023-10-21 23:41:01.125 -0600,497,10,425
2023-10-21 23:41:02.000 -0600,2023-10-21 23:41:02.000 -0600,498,14,426
2023-10-21 23:41:02.041 -0600,2023-10-21 23:41:02.041 -0600,499,13,427
2023-10-21 23:41:04.622 -0600,2023-10-21 23:41:04.622 -0600,500,14,428
2023-10-21 23:41:04.683 -0600,2023-10-21 23:41:04.683 -0600,501,14,429
2023-10-21 23:41:04.839 -0600,2023-10-21 23:41:04.839 -0600,502,10,430
2023-10-21 23:41:05.726 -0600,2023-10-21 23:41:05.726 -0600,503,14,431
2023-10-21 23:41:05.770 -0600,2023-10-21 23:41:05.770 -0600,504,10,432
2023-10-21 23:41:06.108 -0600,2023-10-21 23:41:06.108 -0600,505,14,433
2023-10-21 23:41:06.217 -0600,2023-10-21 23:41:06.217 -0600,506,10,434
2023-10-21 23:41:06.772 -0600,2023-10-21 23:41:06.772 -0600,507,14,435
2023-10-21 23:41:06.801 -0600,2023-10-21 23:41:06.801 -0600,508,4,436
2023-10-21 23:41:07.198 -0600,2023-10-21 23:41:07.198 -0600,509,2,437
2023-10-21 23:41:07.501 -0600,2023-10-21 23:41:07.501 -0600,510,14,438
2023-10-21 23:41:07.640 -0600,2023-10-21 23:41:07.640 -0600,511,10,439
2023-10-21 23:41:09.328 -0600,2023-10-21 23:41:09.328 -0600,512,14,440
2023-10-21 23:41:09.416 -0600,2023-10-21 23:41:09.416 -0600,513,10,441
2023-10-21 23:41:10.821 -0600,2023-10-21 23:41:10.821 -0600,514,14,442
2023-10-21 23:41:10.949 -0600,2023-10-21 23:41:10.949 -0600,515,10,443
2023-10-21 23:41:11.771 -0600,2023-10-21 23:41:11.771 -0600,516,14,444
2023-10-21 23:41:11.907 -0600,2023-10-21 23:41:11.907 -0600,517,5,445
2023-10-21 23:41:12.100 -0600,2023-10-21 23:41:12.100 -0600,518,11,445
2023-10-21 23:41:12.245 -0600,2023-10-21 23:41:12.245 -0600,519,1,445
2023-10-21 23:41:12.406 -0600,2023-10-21 23:41:12.406 -0600,520,16,445
2023-10-21 23:41:12.595 -0600,2023-10-21 23:41:12.595 -0600,521,20,446
2023-10-21 23:41:12.650 -0600,2023-10-21 23:41:12.650 -0600,522,10,447
2023-10-21 23:41:13.735 -0600,2023-10-21 23:41:13.735 -0600,523,14,448
2023-10-21 23:41:13.794 -0600,2023-10-21 23:41:13.794 -0600,524,5,449
2023-10-21 23:41:13.904 -0600,2023-10-21 23:41:13.904 -0600,525,11,449
2023-10-21 23:41:14.064 -0600,2023-10-21 23:41:14.064 -0600,526,1,449
2023-10-21 23:41:14.190 -0600,2023-10-21 23:41:14.190 -0600,527,16,449
2023-10-21 23:41:14.329 -0600,2023-10-21 23:41:14.329 -0600,528,14,450
2023-10-21 23:41:14.393 -0600,2023-10-21 23:41:14.393 -0600,529,13,451
2023-10-21 23:41:16.852 -0600,2023-10-21 23:41:16.852 -0600,530,14,452
2023-10-21 23:41:17.013 -0600,2023-10-21 23:41:17.013 -0600,531,10,453
2023-10-21 23:41:18.613 -0600,2023-10-21 23:41:18.613 -0600,532,14,454
2023-10-21 23:41:18.794 -0600,2023-10-21 23:41:18.794 -0600,533,10,455
2023-10-21 23:41:20.621 -0600,2023-10-21 23:41:20.621 -0600,534,14,456
2023-10-21 23:41:20.718 -0600,2023-10-21 23:41:20.718 -0600,535,10,457
2023-10-21 23:41:21.689 -0600,2023-10-21 23:41:21.689 -0600,536,14,458
2023-10-21 23:41:21.741 -0600,2023-10-21 23:41:21.741 -0600,537,10,459
2023-10-21 23:41:22.205 -0600,2023-10-21 23:41:22.205 -0600,538,14,460
2023-10-21 23:41:22.232 -0600,2023-10-21 23:41:22.232 -0600,539,13,461
2023-10-21 23:41:22.762 -0600,2023-10-21 23:41:22.762 -0600,540,14,462
2023-10-21 23:41:22.860 -0600,2023-10-21 23:41:22.860 -0600,541,10,463
2023-10-21 23:41:23.695 -0600,2023-10-21 23:41:23.695 -0600,542,14,464
2023-10-21 23:41:23.786 -0600,2023-10-21 23:41:23.786 -0600,543,5,465
2023-10-21 23:41:23.935 -0600,2023-10-21 23:41:23.935 -0600,544,11,465
2023-10-21 23:41:24.152 -0600,2023-10-21 23:41:24.152 -0600,545,1,465
2023-10-21 23:41:24.349 -0600,2023-10-21 23:41:24.349 -0600,546,16,465
2023-10-21 23:41:24.539 -0600,2023-10-21 23:41:24.539 -0600,547,18,466
2023-10-21 23:41:24.608 -0600,2023-10-21 23:41:24.608 -0600,548,13,467
2023-10-21 23:41:25.658 -0600,2023-10-21 23:41:25.658 -0600,549,14,468
2023-10-21 23:41:25.838 -0600,2023-10-21 23:41:25.838 -0600,550,13,469
2023-10-21 23:41:27.652 -0600,2023-10-21 23:41:27.652 -0600,551,14,470
2023-10-21 23:41:27.758 -0600,2023-10-21 23:41:27.758 -0600,552,4,471
2023-10-21 23:41:27.888 -0600,2023-10-21 23:41:27.888 -0600,553,20,472
2023-10-21 23:41:27.939 -0600,2023-10-21 23:41:27.939 -0600,554,16,473
2023-10-21 23:41:28.104 -0600,2023-10-21 23:41:28.104 -0600,555,1,473
2023-10-21 23:41:28.256 -0600,2023-10-21 23:41:28.256 -0600,556,11,473
2023-10-21 23:41:28.457 -0600,2023-10-21 23:41:28.457 -0600,557,5,473
2023-10-21 23:41:28.599 -0600,2023-10-21 23:41:28.599 -0600,558,20,474
2023-10-21 23:41:28.653 -0600,2023-10-21 23:41:28.653 -0600,559,10,475
2023-10-21 23:41:29.374 -0600,2023-10-21 23:41:29.374 -0600,560,14,476
2023-10-21 23:41:29.421 -0600,2023-10-21 23:41:29.421 -0600,561,10,477
2023-10-21 23:41:30.247 -0600,2023-10-21 23:41:30.247 -0600,562,14,478
2023-10-21 23:41:30.309 -0600,2023-10-21 23:41:30.309 -0600,563,10,479
2023-10-21 23:41:31.661 -0600,2023-10-21 23:41:31.661 -0600,564,14,480
2023-10-21 23:41:31.744 -0600,2023-10-21 23:41:31.744 -0600,565,10,481
2023-10-21 23:41:33.308 -0600,2023-10-21 23:41:33.308 -0600,566,14,482
2023-10-21 23:41:33.393 -0600,2023-10-21 23:41:33.393 -0600,567,4,483
2023-10-21 23:41:33.823 -0600,2023-10-21 23:41:33.823 -0600,568,2,484
2023-10-21 23:41:34.129 -0600,2023-10-21 23:41:34.129 -0600,569,14,485
2023-10-21 23:41:34.265 -0600,2023-10-21 23:41:34.265 -0600,570,10,486
2023-10-21 23:41:34.901 -0600,2023-10-21 23:41:34.901 -0600,571,14,487
2023-10-21 23:41:34.940 -0600,2023-10-21 23:41:34.940 -0600,572,4,488
2023-10-21 23:41:35.633 -0600,2023-10-21 23:41:35.633 -0600,573,2,489
2023-10-21 23:41:35.765 -0600,2023-10-21 23:41:35.765 -0600,574,14,490
2023-10-21 23:41:35.805 -0600,2023-10-21 23:41:35.805 -0600,575,5,491
2023-10-21 23:41:35.942 -0600,2023-10-21 23:41:35.942 -0600,576,11,491
2023-10-21 23:41:36.129 -0600,2023-10-21 23:41:36.129 -0600,577,1,491
2023-10-21 23:41:36.224 -0600,2023-10-21 23:41:36.224 -0600,578,16,491
2023-10-21 23:41:36.370 -0600,2023-10-21 23:41:36.370 -0600,579,8,492
2023-10-21 23:41:36.413 -0600,2023-10-21 23:41:36.413 -0600,580,5,493
2023-10-21 23:41:36.548 -0600,2023-10-21 23:41:36.548 -0600,581,11,493
2023-10-21 23:41:36.725 -0600,2023-10-21 23:41:36.725 -0600,582,1,493
2023-10-21 23:41:36.864 -0600,2023-10-21 23:41:36.864 -0600,583,16,493
2023-10-21 23:41:36.984 -0600,2023-10-21 23:41:36.984 -0600,584,14,494
2023-10-21 23:41:37.068 -0600,2023-10-21 23:41:37.068 -0600,585,13,495
2023-10-21 23:41:39.528 -0600,2023-10-21 23:41:39.528 -0600,586,14,496
2023-10-21 23:41:39.576 -0600,2023-10-21 23:41:39.576 -0600,587,5,497
2023-10-21 23:41:39.652 -0600,2023-10-21 23:41:39.652 -0600,588,11,497
2023-10-21 23:41:39.722 -0600,2023-10-21 23:41:39.722 -0600,589,1,497
2023-10-21 23:41:39.781 -0600,2023-10-21 23:41:39.781 -0600,590,16,497
2023-10-21 23:41:39.835 -0600,2023-10-21 23:41:39.835 -0600,591,14,498
2023-10-21 23:41:39.926 -0600,2023-10-21 23:41:39.926 -0600,592,20,499
2023-10-21 23:41:40.047 -0600,2023-10-21 23:41:40.047 -0600,593,20,500
2023-10-21 23:41:40.145 -0600,2023-10-21 23:41:40.145 -0600,594,14,501
2023-10-21 23:41:40.190 -0600,2023-10-21 23:41:40.190 -0600,595,13,502
2023-10-21 23:41:41.352 -0600,2023-10-21 23:41:41.352 -0600,596,14,503
2023-10-21 23:41:41.425 -0600,2023-10-21 23:41:41.425 -0600,597,13,504
2023-10-21 23:41:44.327 -0600,2023-10-21 23:41:44.327 -0600,598,14,505
2023-10-21 23:41:44.448 -0600,2023-10-21 23:41:44.448 -0600,599,13,506
2023-10-21 23:41:47.893 -0600,2023-10-21 23:41:47.893 -0600,600,14,507
2023-10-21 23:41:47.956 -0600,2023-10-21 23:41:47.956 -0600,601,3,508
2023-10-21 23:41:48.097 -0600,2023-10-21 23:41:48.097 -0600,602,3,509
2023-10-21 23:41:48.223 -0600,2023-10-21 23:41:48.223 -0600,603,10,510
2023-10-21 23:41:48.609 -0600,2023-10-21 23:41:48.609 -0600,604,14,511
2023-10-21 23:41:48.641 -0600,2023-10-21 23:41:48.641 -0600,605,13,512
2023-10-21 23:41:49.303 -0600,2023-10-21 23:41:49.303 -0600,606,13,512
2023-10-21 23:41:49.434 -0600,2023-10-21 23:41:49.434 -0600,607,14,513
